game;len;score1;score2;score3;score4;fr;lenma
10;349;180;234;170;330;3;0
20;297;130;226;130;330;2,2;0
30;335;200;222,3;130;380;2;0
40;607;290;218,8;80;380;2,5;0
50;401;190;214,8;80;410;1,3;0
60;439;360;223;80;410;1,1;0
70;359;300;223,7;80;410;0,8;0
80;335;230;224;80;410;0,6;0
90;403;160;226,3;80;410;0,6;0
100;525;430;230,9;80;430;0,7;0
110;305;290;229,1;80;430;0,4;0
120;359;230;227,9;80;430;0,4;0
130;255;180;233,5;80;500;0,3;0
140;357;140;244,8;90;730;0,3;0
150;349;150;249,8;100;730;0,3;0
160;395;270;250,4;100;730;0,3;0
170;389;300;255,6;100;730;0,3;0
180;509;390;259,5;120;730;0,4;0
190;353;230;258,5;120;730;0,3;0
200;383;280;260,4;120;730;0,3;385,2
210;275;170;263,1;110;730;0,2;381,5
220;413;250;267,8;110;730;0,3;387,3
230;223;130;265,8;110;730;0,1;381,7
240;373;280;260;110;620;0,2;370
250;385;170;257,5;110;620;0,2;369,2
260;295;220;254,1;110;620;0,2;362
270;251;160;258,1;110;1060;0,1;356,6
280;383;210;256,3;110;1060;0,2;359
290;379;360;258,8;110;1060;0,2;357,8
300;381;160;255,5;110;1060;0,2;350,6
310;399;240;254,4;120;1060;0,2;355,3
320;371;280;253,7;120;1060;0,2;355,9
330;391;290;259,1;120;1060;0,2;362,7
340;337;160;256,2;120;1060;0,1;361,7
350;357;160;260,7;120;1060;0,1;362,1
360;379;260;264,6;120;1060;0,1;361,3
370;375;300;259,2;100;890;0,1;360,6
380;431;200;253,4;100;890;0,2;356,7
390;319;210;251,9;100;890;0,1;355
400;331;150;248,5;100;890;0,1;352,4
410;537;360;253,1;100;890;0,2;365,5
420;353;180;256,8;100;890;0,1;362,5
430;465;260;251,7;100;610;0,1;374,6
440;363;170;257,7;100;640;0,1;374,1
450;345;270;251,1;100;640;0,1;372,1
460;373;210;245,6;100;640;0,1;376
470;515;690;253,2;130;690;0,1;389,2
480;425;240;257,5;130;690;0,1;391,3
490;293;230;254,4;130;690;0,1;387
500;445;280;257,2;130;690;0,1;390,2
510;379;230;254,9;130;690;0,1;389,2
520;391;280;250,3;130;690;0,1;390,2
530;337;120;251,6;120;690;0,1;387,5
540;533;420;250;120;690;0,1;397,3
550;369;250;252,4;110;690;0,1;397,9
560;355;130;250,8;110;690;0,1;396,7
570;433;310;245,4;110;720;0,1;399,6
580;315;220;248,9;110;720;0,1;393,8
590;299;160;258,6;110;720;0,1;392,8
600;343;140;264,5;110;740;0,1;393,4
610;323;210;265,1;110;740;0,1;382,7
620;237;210;268,4;110;740;0,1;376,9
630;403;240;266,6;110;740;0,1;373,8
640;503;610;264,7;110;740;0,1;380,8
650;359;250;269,7;110;740;0,1;381,5
660;305;210;281,2;110;1050;0,1;378,1
670;341;250;281,8;120;1050;0,1;369,4
680;275;170;283,4;120;1050;0,1;361,9
690;343;210;276,8;120;1050;0,1;364,4
700;387;280;282;120;1120;0,1;361,5
710;381;300;278,3;130;1120;0,1;361,6
720;269;220;278,2;140;1120;0;355,5
730;351;250;286,3;140;1120;0,1;356,2
740;347;310;285,4;140;1120;0,1;346,9
750;381;260;284,4;140;1120;0,1;347,5
760;275;240;275,9;140;1120;0;343,5
770;381;190;274;140;1120;0,1;340,9
780;373;220;270,5;140;1120;0,1;343,8
790;359;280;274,9;140;1120;0,1;346,8
800;347;250;264,8;140;760;0,1;347
810;343;210;267,5;140;760;0,1;348
820;209;210;265,5;140;760;0;346,6
830;619;390;259,3;140;680;0,1;357,4
840;229;240;259,4;140;680;0;343,7
850;335;260;271,1;140;1050;0,1;342,5
860;349;290;274,6;150;1050;0,1;344,7
870;331;230;275,6;140;1050;0;344,2
880;339;260;282,5;140;1050;0;347,4
890;351;190;281,7;120;1050;0,1;347,8
900;357;230;283,5;120;1050;0,1;346,3
910;261;170;285,2;120;1050;0;340,3
920;433;300;286,6;120;1050;0,1;348,5
930;335;230;282,9;120;1050;0;347,7
940;469;290;286,3;120;1050;0,1;353,8
950;359;280;272,8;120;900;0;352,7
960;211;170;271,9;120;900;0;349,5
970;397;220;274,7;120;900;0,1;350,3
980;373;280;267,2;120;900;0;350,3
990;655;440;266,9;120;730;0,1;365,1
1000;329;220;260,8;120;730;0;364,2
1010;415;270;262,2;120;730;0,1;367,8
1020;309;200;261,9;120;730;0;372,8
1030;613;490;264,9;120;730;0,1;372,5
1040;385;240;264,4;120;730;0;380,3
1050;425;360;270,2;120;730;0,1;384,8
1060;271;190;271,6;120;730;0;380,9
1070;333;260;264,8;120;600;0;381
1080;573;340;265,7;120;600;0,1;392,7
1090;655;400;273,3;120;640;0,1;407,9
1100;367;240;280,6;140;640;0;408,4
1110;391;390;279,7;140;640;0;414,9
1120;279;200;296;140;850;0;407,2
1130;441;250;298;140;850;0;412,5
1140;369;210;308,6;140;1090;0;407,5
1150;487;410;308,6;140;1090;0,1;413,9
1160;379;300;307,4;140;1090;0;422,3
1170;361;270;322,9;140;1090;0;420,5
1180;325;200;321,1;140;1090;0;418,1
1190;535;430;318;140;1090;0,1;412,1
1200;393;260;318,7;140;1090;0;415,3
1210;797;530;321;140;1090;0,1;434,4
1220;293;190;302,8;140;1090;0;433,6
1230;317;220;303,8;140;1090;0;418,8
1240;417;350;293,1;140;1070;0;420,4
1250;333;290;291,4;140;1070;0;415,8
1260;367;310;291,7;140;1070;0;420,6
1270;373;260;289,8;140;1070;0;422,6
1280;395;310;295,1;140;1070;0;413,7
1290;357;280;291,4;120;780;0;398,8
1300;549;580;300,8;100;780;0,1;407,9
1310;321;180;295;100;780;0;404,4
1320;271;260;298,9;100;780;0;404
1330;535;590;301,3;100;660;0;408,7
1340;343;310;312,2;100;800;0;407,4
1350;535;570;323,5;100;940;0;409,8
1360;567;650;329,8;100;940;0;419,2
1370;431;220;333,5;100;940;0;422,7
1380;449;250;331,1;100;940;0;428,9
1390;329;230;333,9;100;940;0;418,6
1400;453;340;320,6;120;940;0;421,6
1410;421;320;329,1;120;940;0;402,8
1420;393;320;330;110;940;0;407,8
1430;351;240;328,7;110;940;0;409,5
1440;409;240;329,4;110;940;0;409,1
1450;335;190;316,5;110;930;0;409,2
1460;369;270;313,5;110;930;0;409,3
1470;317;270;320,4;110;2270;0;406,5
1480;533;720;330,7;110;2270;0;413,4
1490;213;110;325;110;2270;0;406,2
1500;433;260;328;110;2270;0;400,4
1510;285;220;325,8;110;2270;0;398,6
1520;557;1900;341,2;110;2270;0;412,9
1530;263;270;350,4;110;2270;0;399,3
1540;255;180;341,5;100;2270;0;394,9
1550;473;580;346,9;100;2270;0;391,8
1560;229;150;342,8;100;2270;0;374,9
1570;397;170;321,4;100;1900;0;373,2
1580;433;320;312,8;100;1900;0;372,4
1590;581;450;318,2;100;1900;0;385
1600;389;270;325,6;100;1900;0;381,8
1610;327;270;320,9;70;1900;0;377,1
1620;409;270;307,7;70;1040;0;377,9
1630;195;140;301,9;70;760;0;370,1
1640;347;320;305,8;70;790;0;367
1650;457;400;306,1;70;790;0;373,1
1660;333;220;325,7;70;1830;0;371,3
1670;247;130;325,1;70;1830;0;367,8
1680;393;210;328,1;70;1830;0;360,8
1690;461;330;323,3;70;1830;0;373,2
1700;407;350;317,3;70;1830;0;371,9
1710;487;370;324,5;130;1830;0;382
1720;377;340;318,7;110;1830;0;373
1730;267;190;312,7;110;1830;0;373,2
1740;353;320;306,4;110;1830;0;378,1
1750;225;160;301,2;110;1830;0;365,7
1760;297;180;286,8;110;600;0;369,1
1770;343;230;292,2;110;620;0;366,4
1780;311;250;298,6;110;620;0;360,3
1790;347;380;307,1;110;690;0;348,6
1800;429;320;309,3;110;790;0;350,6
1810;411;380;310,2;110;790;0;354,8
1820;473;380;318,4;150;820;0;358
1830;373;210;317,6;150;820;0;366,9
1840;363;240;318,9;150;820;0;367,7
1850;325;210;317,8;150;820;0;361,1
1860;387;350;316,6;150;820;0;363,8
1870;239;170;310,8;160;820;0;363,4
1880;301;200;303,9;140;820;0;358,8
1890;365;310;310,5;140;1190;0;354
1900;355;260;308,8;140;1190;0;351,4
1910;269;200;314,9;140;1190;0;340,5
1920;405;350;308,9;120;1190;0;341,9
1930;329;350;314,1;120;1190;0;345
1940;359;280;315,2;120;1190;0;345,3
1950;419;280;317,4;120;1190;0;355
1960;327;260;324,9;120;1190;0;356,5
1970;413;310;334,5;120;1190;0;360
1980;297;180;337,7;120;1190;0;359,3
1990;337;200;324,3;120;1190;0;358,8
2000;299;230;329,9;120;1190;0;352,3
2010;495;350;332,9;120;1220;0;356,5
2020;545;410;334,5;150;1220;0;360,1
2030;439;460;338,8;150;1220;0;363,4
2040;353;300;343,8;150;1220;0;362,9
2050;379;200;351,3;150;1220;0;365,6
2060;431;360;350,6;160;1220;0;367,8
2070;329;180;348,7;160;1220;0;372,3
2080;501;380;350,9;160;1220;0;382,3
2090;345;360;360,3;140;1220;0;381,3
2100;367;290;356,6;140;1220;0;381,9
2110;465;300;363,3;140;2350;0;391,7
2120;347;320;363,3;140;2350;0;388,8
2130;293;160;356,7;120;2350;0;387
2140;381;210;360,4;120;2350;0;388,1
2150;585;1290;366,3;120;2350;0;396,4
2160;241;230;370,1;120;2350;0;392,1
2170;379;270;372,4;120;2350;0;390,4
2180;345;220;369,5;120;2350;0;392,8
2190;379;350;359,8;120;2350;0;394,9
2200;367;230;357,3;120;2350;0;398,3
2210;397;370;341,9;120;1290;0;393,4
2220;369;280;348,3;120;1290;0;384,6
2230;391;270;344,4;130;1290;0;382,2
2240;491;440;341,9;130;1290;0;389,1
2250;467;400;328,6;130;890;0;393,5
2260;441;420;318,5;130;890;0;394
2270;279;270;313,1;130;770;0;391,5
2280;421;390;315,9;130;770;0;387,5
2290;425;310;314,4;160;770;0;391,5
2300;385;240;330,9;150;1780;0;392,4
2310;419;370;335,7;150;1780;0;390,1
2320;415;370;331;150;1780;0;393,5
2330;427;280;340,7;150;1780;0;400,2
2340;367;320;345,9;150;1780;0;399,5
2350;335;180;352,7;130;1780;0;387
2360;307;240;360,8;130;1780;0;390,3
2370;285;220;374,4;130;1780;0;385,6
2380;605;510;371,9;130;1780;0;398,6
2390;379;300;377,6;130;1780;0;398,6
2400;329;280;373,9;130;1360;0;396,7
2410;429;310;370,1;130;1360;0;398,3
2420;417;290;372;130;1360;0;400,7
2430;431;500;372,8;130;1360;0;402,7
2440;617;530;382,9;130;1490;0;409
2450;423;340;381,9;140;1490;0;406,8
2460;409;320;382,9;140;1490;0;405,2
2470;311;280;378,4;140;1490;0;406,8
2480;301;220;375,9;110;1490;0;400,8
2490;327;270;379,3;110;1490;0;395,9
2500;361;360;381,3;110;1890;0;394,7
2510;691;1080;385,1;110;1890;0;408,3
2520;263;270;387,9;110;1890;0;400,7
2530;397;300;392,1;110;1890;0;399,2
2540;393;330;373,4;110;1890;0;400,5
2550;335;320;376,6;110;1890;0;400,5
2560;261;250;366,2;110;1890;0;398,2
2570;425;390;356,1;110;1890;0;405,2
2580;393;370;357,9;130;1890;0;394,6
2590;421;330;353,9;130;1890;0;396,7
2600;365;260;339,1;130;1100;0;398,5
2610;439;410;338,7;130;1100;0;399
2620;555;840;340,7;140;1100;0;405,9
2630;313;220;332,6;140;1070;0;400
2640;439;320;344,1;140;1070;0;391,1
2650;457;260;357,5;140;1200;0;392,8
2660;309;270;355,7;140;1200;0;387,8
2670;421;380;354,5;140;1200;0;393,3
2680;399;290;356,1;140;1200;0;398,2
2690;389;450;364,1;140;1200;0;401,3
2700;311;250;375,3;150;1290;0;398,8
2710;265;180;382,5;150;1290;0;377,5
2720;429;340;374,7;150;1290;0;385,8
2730;341;250;380,9;150;1290;0;383
2740;507;420;371,6;180;1290;0;388,7
2750;311;240;352;180;1290;0;387,5
2760;389;370;358,2;180;1290;0;393,9
2770;301;290;370,5;180;1290;0;387,7
2780;339;300;365,5;180;1290;0;385
2790;355;300;358,1;130;1290;0;381,7
2800;395;350;358,3;130;1150;0;383,2
2810;373;270;349,2;130;1150;0;379,9
2820;721;1120;385,6;130;1660;0;388,2
2830;449;390;401;130;2100;0;395
2840;457;420;397,9;130;2100;0;395,9
2850;365;280;410,7;130;2100;0;391,3
2860;387;270;404,9;130;2100;0;395,2
2870;291;270;398,1;130;2100;0;388,7
2880;517;390;404,5;130;2100;0;394,6
2890;309;290;398,5;100;2100;0;390,6
2900;331;290;397,5;100;2100;0;391,6
2910;373;320;396,2;100;2100;0;397
2920;479;460;358,9;100;2100;0;399,5
2930;643;1180;353,7;100;1220;0;414,6
2940;283;250;375,6;100;1220;0;403,4
2950;393;310;380,3;100;1200;0;407,5
2960;321;300;395;100;1200;0;404,1
2970;281;230;432,8;100;2180;0;403,1
2980;359;310;430,8;100;2180;0;404,1
2990;333;270;440,3;120;2180;0;403
3000;359;270;437,6;120;2180;0;401,2
3010;319;240;435,4;120;2180;0;398,5
3020;417;330;438,6;180;2180;0;383,3
3030;829;850;437,4;180;2180;0;402,3
3040;567;820;427,5;180;2180;0;407,8
3050;747;1350;438,1;180;2180;0;426,9
3060;775;3490;467;180;3490;0;446,3
3070;483;1030;433,8;180;3490;0;455,9
3080;383;320;433,5;180;3490;0;449,2
3090;353;340;442,4;180;3490;0;451,4
3100;313;290;455,8;180;3490;0;450,5
3110;563;770;461,1;180;3490;0;460
3120;363;270;465,8;180;3490;0;454,2
3130;421;400;451,9;180;3490;0;443,1
3140;451;380;455,6;180;3490;0;451,5
3150;407;350;432,5;160;3490;0;452,2
3160;299;250;407,8;160;1270;0;451,1
3170;527;1230;421,3;160;1270;0;463,4
3180;313;220;420,6;160;1270;0;461,1
3190;281;180;444,3;160;1670;0;458,5
3200;393;260;427,3;160;1670;0;460,2
3210;301;270;438,6;160;1670;0;459,3
3220;333;270;434,9;160;1670;0;455,1
3230;621;720;447,1;160;1670;0;444,7
3240;361;330;435,8;110;1670;0;434,4
3250;423;430;440,4;110;1670;0;418,2
3260;529;490;435,7;110;1670;0;405,9
3270;333;420;429,3;110;1670;0;398,4
3280;791;940;444,8;110;1670;0;418,8
3290;515;1180;433,3;110;1180;0;426,9
3300;519;660;448,9;110;1180;0;437,2
3310;395;320;437,2;110;1180;0;428,8
3320;299;250;436,3;110;1180;0;425,6
3330;217;230;430,1;110;1180;0;415,4
3340;571;600;438,5;160;1710;0;421,4
3350;495;500;436;160;1710;0;425,8
3360;479;520;440,8;160;1710;0;434,8
3370;289;310;430,7;160;1710;0;422,9
3380;409;460;446,1;160;2400;0;427,7
3390;325;240;419,7;160;2400;0;429,9
3400;561;490;409,6;160;2400;0;438,3
3410;391;470;409,2;160;2400;0;442,8
3420;395;420;421,6;160;2400;0;445,9
3430;405;370;417,6;170;2400;0;435,1
3440;1243;940;412,8;130;2400;0;479,2
3450;679;990;428,2;130;2400;0;492
3460;413;350;425,1;130;2400;0;486,2
3470;285;290;434,7;130;2400;0;483,8
3480;517;500;419,6;130;1330;0;470,1
3490;735;900;428;130;1330;0;481,1
3500;501;500;430,2;130;1330;0;480,2
3510;659;910;447,5;130;1330;0;493,4
3520;627;900;457,9;130;1330;0;509,8
3530;285;230;459,7;130;1330;0;513,2
3540;297;250;455,9;150;1330;0;499,5
3550;377;330;449,2;150;1330;0;493,6
3560;621;630;455,5;180;1330;0;500,7
3570;539;1140;458,1;150;1330;0;513,2
3580;365;300;444,7;150;1300;0;511
3590;513;560;448,1;150;1300;0;520,4
3600;583;460;461,3;150;1300;0;521,5
3610;465;500;460,8;150;1310;0;525,2
3620;377;320;448,2;150;1310;0;524,3
3630;367;520;456,9;150;1410;0;522,4
3640;533;1580;464,6;150;1580;0;486,9
3650;367;260;459,7;150;1580;0;471,3
3660;689;1030;463,1;150;1580;0;485,1
3670;343;240;470,1;180;1580;0;488
3680;385;330;480,3;180;1580;0;481,4
3690;411;320;479,4;180;1580;0;465,2
3700;305;270;464,1;180;1580;0;455,4
3710;247;160;457;160;1580;0;434,8
3720;291;200;462,9;160;1580;0;418
3730;615;500;452,4;160;1580;0;434,5
3740;765;700;463,5;160;1490;0;457,9
3750;409;320;472,1;160;1490;0;459,5
3760;485;1090;475,6;160;1220;0;452,7
3770;487;500;463;160;1190;0;450,1
3780;343;330;471,6;160;1190;0;449
3790;831;1690;489;160;1690;0;464,9
3800;361;330;499,2;160;1690;0;453,8
3810;233;180;528,9;160;2460;0;442,2
3820;591;500;527,9;160;2460;0;452,9
3830;259;230;553,6;160;2460;0;447,5
3840;567;490;538,9;160;2460;0;449,2
3850;545;460;522,3;110;2460;0;458,1
3860;763;860;547,9;110;2460;0;461,8
3870;345;270;559,4;110;2460;0;461,9
3880;455;440;557,7;110;2460;0;465,4
3890;399;270;547,8;110;2460;0;464,8
3900;399;250;533,6;110;2460;0;469,5
3910;509;1790;528,5;110;1900;0;482,6
3920;555;670;528,6;110;1900;0;495,8
3930;751;2260;525,9;110;2260;0;502,6
3940;471;490;530,9;110;2260;0;487,9
3950;339;250;543,8;150;2260;0;484,4
3960;491;520;504,9;150;2260;0;484,7
3970;413;350;493,3;150;2260;0;481
3980;601;870;493,5;150;2260;0;493,9
3990;351;430;491,2;200;2260;0;469,9
4000;303;240;506,3;200;2260;0;467
4010;409;400;482;200;2260;0;475,8
4020;519;720;500;180;2260;0;472,2
4030;623;1140;502,3;180;1990;0;490,4
4040;323;330;498,8;180;1990;0;478,2
4050;607;1180;510,4;180;1990;0;481,3
4060;679;810;508,8;180;1990;0;477,1
4070;249;210;510,4;170;1990;0;472,3
4080;463;370;510,1;170;1990;0;472,7
4090;361;400;518,2;170;1990;0;470,8
4100;313;240;497,1;170;1990;0;466,5
4110;727;830;503,2;170;1990;0;477,4
4120;381;350;503,9;160;1360;0;468,7
4130;385;530;487,6;160;1360;0;450,4
4140;651;540;494,3;160;1360;0;459,4
4150;575;550;500,8;160;1360;0;471,2
4160;375;340;533,1;160;2390;0;465,4
4170;669;600;550;160;2390;0;478,2
4180;381;310;541,8;160;2390;0;467,2
4190;405;340;540,8;160;2390;0;469,9
4200;291;250;557,1;160;2390;0;469,3
4210;517;690;604,1;160;2390;0;474,7
4220;677;1290;622,2;190;2390;0;482,6
4230;383;360;629,3;190;2390;0;470,6
4240;629;670;638,1;190;2390;0;485,9
4250;395;340;633,5;190;2390;0;475,3
4260;551;1130;614,5;190;2030;0;468,9
4270;439;530;599,6;190;2030;0;478,4
4280;393;340;603,2;210;2030;0;474,9
4290;413;670;593,4;210;2030;0;477,5
4300;579;650;594,5;210;2030;0;490,8
4310;427;490;529,9;210;1530;0;475,8
4320;775;740;510,7;210;1530;0;495,5
4330;283;200;518,6;200;1530;0;490,4
4340;759;970;524,2;200;1530;0;495,8
4350;557;570;524,4;200;1530;0;494,9
4360;779;870;524,4;200;1340;0;515,1
4370;677;1170;534,4;200;1340;0;515,5
4380;409;430;525,1;200;1340;0;516,9
4390;245;250;547,2;200;1340;0;508,9
4400;277;200;543,8;170;1340;0;508,2
4410;417;350;543,4;170;1340;0;503,2
4420;431;370;538,7;170;1340;0;490,9
4430;375;360;534,4;170;1340;0;490,5
4440;317;330;528,4;170;1620;0;474,9
4450;267;180;514,7;130;1620;0;468,5
4460;543;690;527,5;130;1620;0;468,1
4470;543;750;518,2;130;1620;0;473,3
4480;465;280;546,9;130;1620;0;476,9
4490;353;300;519;130;1620;0;473,9
4500;503;520;547,4;130;1620;0;470,1
4510;411;330;561,4;130;1620;0;469,3
4520;349;250;538,1;130;1620;0;448
4530;539;740;543,3;130;1620;0;460,8
4540;627;550;539,4;130;1440;0;454,2
4550;355;280;558,9;160;1680;0;444,1
4560;505;540;565,3;160;2260;0;430,4
4570;449;340;571,4;160;2260;0;419
4580;681;1460;596,3;160;2260;0;432,6
4590;373;370;605,8;160;2260;0;439
4600;423;400;583;160;2260;0;446,3
4610;599;650;602,8;160;2260;0;455,4
4620;477;480;618,3;160;2260;0;457,7
4630;509;370;598,6;240;2260;0;464,4
4640;325;320;611,5;240;2260;0;464,8
4650;305;290;593,8;240;2260;0;466,7
4660;237;160;566,6;160;1500;0;451,4
4670;355;250;573,9;160;2100;0;442
4680;313;240;530,6;160;2100;0;434,4
4690;409;400;554,3;160;2570;0;437,2
4700;715;1160;583,6;160;2570;0;447,8
4710;507;690;596,5;160;2570;0;452,6
4720;643;2090;627;160;2570;0;467,3
4730;675;1010;650,5;160;2570;0;474,1
4740;417;380;642,3;160;2570;0;463,6
4750;377;400;654,2;160;2570;0;464,7
4760;519;410;663,8;170;2570;0;465,4
4770;445;400;647,3;170;2570;0;465,2
4780;297;260;673;170;2570;0;446
4790;295;230;661,7;170;2090;0;442,1
4800;395;480;636,2;170;2090;0;440,7
4810;289;230;614,4;170;2090;0;425,2
4820;543;650;587,1;170;2070;0;428,5
4830;441;350;574,4;170;2070;0;425,1
4840;873;1600;618,7;210;2070;0;452,5
4850;383;350;611,8;210;2070;0;456,4
4860;523;670;632,4;210;2070;0;470,7
4870;797;930;644,1;210;2070;0;492,8
4880;443;450;619,3;160;2020;0;499,3
4890;321;370;620,9;160;2020;0;494,9
4900;341;390;630,4;160;1960;0;476,2
4910;559;670;622,9;140;1960;0;478,8
4920;689;590;618,2;140;1960;0;481,1
4930;331;290;649,2;140;2300;0;463,9
4940;375;390;595,6;140;2300;0;461,8
4950;733;1060;595,5;140;2300;0;479,6
4960;381;280;578,3;140;2300;0;472,7
4970;323;270;572,4;140;2300;0;466,6
4980;313;310;579,2;140;2300;0;467,4
4990;367;330;565,2;140;2300;0;471
5000;449;430;565,1;140;2300;0;473,7
5010;317;340;575,4;150;2300;0;475,1
5020;903;1100;578;150;2300;0;493,1
5030;409;290;554,9;150;2120;0;491,5
5040;391;430;557,2;200;2120;0;467,4
5050;501;560;558,9;210;2120;0;473,3
5060;397;340;564,9;210;2120;0;467
5070;299;250;614,4;210;3040;0;442,1
5080;395;420;613,8;210;3040;0;439,7
5090;381;320;627,6;210;3040;0;442,7
5100;361;260;630,1;210;3040;0;443,7
5110;291;280;614;210;3040;0;430,3
5120;379;440;603,9;200;3040;0;414,8
5130;443;340;586,6;170;3040;0;420,4
5140;859;2160;619;170;3040;0;444,6
5150;337;300;605,3;170;3040;0;424,8
5160;439;400;592;170;3040;0;427,7
5170;861;860;571,3;170;2160;0;454,6
5180;569;830;580,7;170;2160;0;467,4
5190;465;400;571,7;170;2160;0;472,3
5200;649;1370;562,9;170;2160;0;482,3
5210;571;370;565,5;170;2160;0;495
5220;357;290;599,8;170;2160;0;467,7
5230;337;250;611,5;180;2160;0;464,1
5240;525;1360;593,7;180;1750;0;470,8
5250;379;450;628,7;190;2650;0;464,7
5260;541;890;639,7;230;2650;0;471,9
5270;551;880;621,6;190;2650;0;484,5
5280;673;720;605,9;190;2650;0;498,4
5290;637;820;617,3;190;2650;0;511,2
5300;1111;1550;626,7;190;2650;0;548,7
5310;599;590;636,6;190;2650;0;564,1
5320;799;1030;640,5;170;2650;0;585,1
5330;535;360;642,8;170;2650;0;589,7
5340;571;570;642;170;2650;0;575,3
5350;723;1470;653,8;170;1920;0;594,6
5360;441;550;649,1;170;1920;0;594,7
5370;953;1290;669,5;170;1920;0;599,3
5380;577;680;685;170;1920;0;599,7
5390;375;440;699,7;170;1920;0;595,2
5400;507;380;712,9;170;1920;0;588,1
5410;681;1600;743,6;170;1920;0;593,6
5420;793;1450;740,9;190;1740;0;615,4
5430;217;200;757,3;200;1740;0;609,4
5440;587;800;761,8;200;1740;0;612,5
5450;333;300;743,5;200;1740;0;610,2
5460;759;1270;760,9;200;1740;0;621,1
5470;399;300;756,7;200;1740;0;613,5
5480;753;1050;772;200;2480;0;617,5
5490;541;920;780,3;200;2780;0;612,7
5500;345;320;786,5;200;2780;0;574,4
5510;743;990;807,2;200;2780;0;581,6
5520;407;300;790,7;200;2780;0;562
5530;885;1170;839,3;220;2780;0;579,5
5540;647;1220;839,3;220;2780;0;583,3
5550;581;970;851;220;2780;0;576,2
5560;659;780;865,5;220;2780;0;587,1
5570;705;1080;881;220;2780;0;574,7
5580;517;770;898,2;260;2780;0;571,7
5590;891;1220;887,8;260;2550;0;597,5
5600;673;1650;876,9;260;2550;0;605,8
5610;685;750;840,7;260;2550;0;606
5620;583;720;839,5;260;2550;0;595,5
5630;517;1130;827,4;260;2920;0;610,5
5640;909;2070;850,5;230;2920;0;626,6
5650;455;470;841,5;230;2920;0;632,7
5660;319;310;826;230;2920;0;610,7
5670;383;380;810,3;230;2920;0;609,9
5680;577;710;824;220;2920;0;601,1
5690;753;1400;811,1;220;2920;0;611,7
5700;419;630;821;170;2920;0;615,4
5710;945;1770;852,2;170;2920;0;625,5
5720;353;340;866,5;150;2920;0;622,8
5730;1079;2340;854,8;150;2340;0;632,5
5740;447;400;856,3;150;2340;0;622,5
5750;623;630;850,6;150;2340;0;624,6
5760;559;600;842;150;2340;0;619,6
5770;745;930;838,4;150;2340;0;621,6
5780;251;200;814,6;150;2340;0;608,3
5790;723;1130;855,1;150;2340;0;599,9
5800;621;410;832,7;150;2340;0;597,3
5810;533;600;797,9;150;2340;0;589,7
5820;801;2400;815,5;200;2400;0;600,6
5830;561;770;801,2;200;2400;0;602,8
5840;1027;970;800,1;200;2400;0;608,7
5850;723;1210;829,4;200;2560;0;622,1
5860;913;1320;844,4;200;2560;0;651,8
5870;729;1090;859,7;200;2560;0;669,1
5880;557;880;883,7;210;2560;0;668,1
5890;855;1620;864,4;210;2560;0;673,2
5900;671;1410;897,4;120;2560;0;685,8
5910;745;1150;893,1;120;2560;0;675,8
5920;1045;1280;897,6;120;2560;0;710,4
5930;489;550;907,9;120;2560;0;680,9
5940;491;460;898,2;120;2560;0;683,1
5950;373;350;868;120;2000;0;670,6
5960;671;1370;882,2;120;2000;0;676,2
5970;693;680;861,6;120;2000;0;673,6
5980;455;340;851,8;120;2700;0;683,8
5990;763;1250;857,8;120;2700;0;685,8
6000;751;1060;838,9;270;2700;0;692,3
6010;711;810;852,1;270;2700;0;701,2
6020;507;710;818,6;270;2700;0;686,5
6030;899;1560;815;170;2700;0;703,4
6040;865;1030;817,3;170;2700;0;695,3
6050;489;460;843;170;2700;0;683,6
6060;521;500;824,9;170;2700;0;664
6070;1081;1230;853,2;170;2700;0;681,6
6080;761;1730;837,9;170;2580;0;691,8
6090;959;1010;824,3;170;2580;0;697
6100;457;630;810,5;170;2580;0;686,3
6110;819;2220;845,7;170;2580;0;690
6120;709;970;843,9;170;2580;0;673,2
6130;601;440;853,6;180;2580;0;678,8
6140;425;510;885,7;180;3220;0;675,5
6150;729;950;883,2;180;3220;0;693,3
6160;345;280;896,2;180;3220;0;677
6170;311;260;924,2;180;3220;0;657,9
6180;977;1490;934,4;180;3220;0;684
6190;493;680;970,1;180;3220;0;670,5
6200;469;720;1018,7;260;3220;0;656,4
6210;511;690;1009,4;260;3220;0;646,4
6220;471;410;1040,3;240;3220;0;644,6
6230;601;700;1027,3;240;3220;0;629,7
6240;741;2160;1009;240;2560;0;623,5
6250;865;1020;997,5;240;2560;0;642,3
6260;915;1820;1014,8;240;2770;0;662
6270;809;1080;991,1;240;2770;0;648,4
6280;825;1680;1000,6;240;2770;0;651,6
6290;689;1440;1020;240;2770;0;638,1
6300;827;1170;997,1;240;2770;0;656,6
6310;363;410;978,2;240;2770;0;633,8
6320;801;1640;981,7;300;2770;0;638,4
6330;657;1190;1005,3;300;2770;0;641,2
6340;847;1670;995,7;310;2770;0;662,3
6350;865;1350;1049,7;310;4190;0;669,1
6360;537;700;1047,5;300;4190;0;678,7
6370;617;1210;1057,4;300;4190;0;694
6380;1025;1660;1078,5;300;4190;0;696,4
6390;757;870;1082,6;300;4190;0;709,6
6400;891;940;1134,5;300;4190;0;730,7
6410;441;630;1127,1;250;4190;0;727,2
6420;617;800;1134,2;250;4190;0;734,5
6430;949;2570;1155,4;250;4190;0;751,9
6440;521;560;1164,5;250;4190;0;740,9
6450;601;1230;1134,3;250;2700;0;727,7
6460;543;540;1156,3;250;2700;0;709,1
6470;555;1230;1138,9;200;2700;0;696,4
6480;799;1210;1121,5;200;2570;0;695,1
6490;361;370;1082,5;200;2570;0;678,7
6500;987;1200;1037,2;200;2570;0;686,7
6510;601;920;1073,9;200;2570;0;698,6
6520;853;1320;1064,6;200;2570;0;701,2
6530;665;1400;1052,1;200;2340;0;701,6
6540;851;1600;1069,6;200;2340;0;701,8
6550;409;390;1086,4;200;2340;0;679
6560;493;900;1068,4;200;2260;0;676,8
6570;859;1290;1111;270;2260;0;688,9
6580;405;330;1090;270;2260;0;657,9
6590;723;690;1126,3;270;2260;0;656,2
6600;1021;1680;1146;240;2260;0;662,7
6610;819;980;1173,1;240;2260;0;681,6
6620;1099;1410;1220,7;240;2260;0;705,7
6630;1047;1760;1217,7;240;2260;0;710,6
6640;797;1020;1228,9;240;2570;0;724,4
6650;473;1230;1261,5;240;2570;0;718
6660;439;330;1253;240;2570;0;712,8
6670;775;930;1231,8;240;2570;0;723,8
6680;1003;1500;1279,7;240;3140;0;734
6690;493;970;1264;240;3140;0;740,6
6700;541;1390;1277,6;330;3140;0;718,3
6710;679;1260;1287,7;330;3140;0;722,2
6720;731;1560;1260,8;330;3140;0;716,1
6730;1203;1580;1299,3;330;3140;0;743
6740;639;670;1289,2;330;3140;0;732,4
6750;783;1330;1253,2;330;3140;0;751,1
6760;1127;1330;1249,7;250;3140;0;782,8
6770;965;1290;1291,9;250;3140;0;788,1
6780;921;2440;1264,3;250;3050;0;813,9
6790;503;560;1241,7;250;3050;0;802,9
6800;635;2250;1223,8;250;3050;0;783,6
6810;537;1310;1191,6;250;3050;0;769,5
6820;931;1390;1184,4;250;3050;0;761,1
6830;815;1710;1150,4;250;3050;0;749,5
6840;721;1200;1149,7;250;3050;0;745,7
6850;617;1140;1142,5;250;3050;0;752,9
6860;923;2960;1178;250;3050;0;777,1
6870;987;1600;1141,8;250;2960;0;787,7
6880;1007;1570;1175,5;250;2960;0;787,9
6890;873;1710;1206,2;250;2960;0;806,9
6900;1055;1510;1188;250;2960;0;832,6
6910;703;1000;1158,7;250;2960;0;833,8
6920;867;1850;1187;270;2960;0;840,6
6930;757;1830;1178,7;270;2960;0;818,3
6940;913;1560;1190,9;270;2960;0;832
6950;535;520;1187,2;270;2960;0;819,6
6960;663;680;1171;210;4210;0;796,4
6970;569;900;1196,7;210;4210;0;776,6
6980;331;310;1154,6;210;4210;0;747,1
6990;799;2170;1179,2;210;4210;0;761,9
7000;875;1040;1196,7;210;4210;0;773,9
7010;565;540;1186;190;4210;0;775,3
7020;745;1260;1188,9;190;4210;0;766
7030;1141;1130;1177,2;190;4210;0;782,3
7040;341;310;1162;170;4210;0;763,3
7050;509;530;1183,3;170;4210;0;757,9
7060;1003;1470;1177;170;3110;0;761,9
7070;855;1400;1177,1;170;3110;0;755,3
7080;817;1630;1232,5;170;3110;0;745,8
7090;639;1280;1232,4;170;2760;0;734,1
7100;883;2650;1263,7;170;2760;0;725,5
7110;597;730;1311,4;170;2760;0;720,2
7120;229;130;1321,8;130;2760;0;688,3
7130;647;1080;1346,2;130;2760;0;682,8
7140;617;780;1337,3;130;2760;0;668
7150;581;630;1328,1;130;2760;0;670,3
7160;893;1380;1316,3;130;2760;0;681,8
7170;901;2010;1325,3;130;3430;0;698,4
7180;729;850;1246,6;130;3430;0;718,3
7190;909;1920;1233,3;130;3430;0;723,8
7200;891;1090;1230;130;3430;0;724,6
7210;661;1020;1207,9;130;3430;0;729,4
7220;871;1300;1193,8;220;3430;0;735,7
7230;643;1420;1193,7;220;3430;0;710,8
7240;595;960;1235,2;220;3430;0;723,5
7250;679;770;1252,7;220;3430;0;732
7260;669;1190;1255,3;220;3430;0;715,3
7270;767;1100;1201,9;220;3010;0;710,9
7280;721;1040;1264,3;260;3010;0;706,1
7290;365;410;1225,4;260;3010;0;692,4
7300;1061;1390;1208,6;260;3010;0;701,3
7310;617;760;1210,7;260;3010;0;702,3
7320;867;1350;1200,2;260;3010;0;734,2
7330;575;800;1168,5;260;3010;0;730,6
7340;495;470;1139,8;290;3010;0;724,5
7350;715;940;1105;300;2320;0;731,2
7360;573;810;1101,8;190;2320;0;715,2
7370;721;1400;1086,3;150;2320;0;706,2
7380;879;1030;1077,8;150;2320;0;713,7
7390;397;440;1096,2;150;2320;0;688,1
7400;769;1460;1097;150;2320;0;682
7410;717;1830;1127,9;150;2230;0;684,8
7420;725;1620;1138,5;150;2460;0;677,5
7430;919;2040;1181,9;150;2920;0;691,3
7440;905;1360;1212,9;150;2920;0;706,8
7450;621;770;1228,6;150;2920;0;703,9
7460;437;430;1247,4;150;2920;0;692,3
7470;1025;1780;1285,2;390;2920;0;705,2
7480;357;410;1276,8;340;2940;0;687
7490;375;320;1258,2;320;2940;0;687,5
7500;393;400;1246,7;320;2940;0;654,1
7510;485;760;1228,8;300;2940;0;647,5
7520;673;1000;1235,9;300;2940;0;637,8
7530;783;970;1243,3;300;2940;0;648,2
7540;829;1460;1229,7;300;2940;0;664,9
7550;925;1710;1251,9;300;2940;0;675,4
7560;831;1430;1252,5;300;2940;0;688,3
7570;771;2300;1261,3;300;2940;0;690,8
7580;723;1550;1272,4;300;2670;0;683
7590;695;1180;1313;300;2750;0;697,9
7600;993;1160;1331;300;2750;0;709,1
7610;639;1550;1314,1;310;2750;0;705,2
7620;467;670;1319,3;390;2750;0;692,3
7630;519;690;1309,8;390;2750;0;672,3
7640;629;1420;1301,7;390;2750;0;658,5
7650;873;1040;1259,7;390;2750;0;671,1
7660;1111;1680;1301,4;420;3280;0;704,8
7670;823;1360;1297,2;400;3280;0;694,7
7680;471;500;1273,4;330;3280;0;700,4
7690;703;1100;1280,4;330;3280;0;716,8
7700;617;990;1246,8;330;3280;0;728
7710;549;1020;1276,8;330;3280;0;731,2
7720;379;420;1295,9;330;3280;0;716,5
7730;827;2550;1308,2;330;3280;0;718,7
7740;561;1110;1291,8;330;3280;0;705,3
7750;781;1630;1321;330;3280;0;698,1
7760;625;1070;1289,8;330;2950;0;687,8
7770;851;1220;1290,1;330;2950;0;691,8
7780;599;1010;1308,5;350;2950;0;685,6
7790;1345;1590;1296,2;350;2950;0;718,1
7800;693;1300;1323,2;320;2950;0;703,1
7810;907;1550;1306,9;320;2950;0;716,5
7820;565;790;1302,4;320;3400;0;721,4
7830;925;1830;1278,3;320;3400;0;741,7
7840;655;710;1306,6;320;3400;0;743
7850;529;1280;1317,4;320;3400;0;725,8
7860;629;1660;1345,6;320;3400;0;701,7
7870;691;1140;1368,5;320;3400;0;695,1
7880;547;760;1378,4;320;3400;0;698,9
7890;907;1470;1399,6;320;3400;0;709,1
7900;551;610;1441;320;3400;0;705,8
7910;735;1090;1453;320;3400;0;715,1
7920;601;1110;1409,5;320;2700;0;726,2
7930;655;1140;1434,6;320;2700;0;717,6
7940;827;1290;1422;320;2700;0;730,9
7950;883;1560;1414,2;320;2700;0;736
7960;1169;1850;1435,3;320;4070;0;763,2
7970;657;1110;1428,2;320;4070;0;753,5
7980;1177;2020;1452,8;320;4070;0;782,4
7990;909;1980;1477,4;420;4070;0;760,6
8000;883;1940;1507,8;420;4070;0;770,1
8010;571;960;1544,9;420;4070;0;753,3
8020;699;1050;1563,1;420;4070;0;760
8030;1031;2120;1571,7;270;4070;0;765,3
8040;935;1620;1592,3;270;4070;0;779,3
8050;1089;1900;1632,9;270;4070;0;807,3
8060;809;1720;1624,6;270;3870;0;816,3
8070;751;1240;1618,5;270;3870;0;819,3
8080;877;1590;1600;270;3870;0;835,8
8090;481;830;1562,4;270;3870;0;814,5
8100;437;850;1490,7;270;3870;0;808,8
8110;849;1670;1475,2;270;3870;0;814,5
8120;873;1640;1481,5;270;3870;0;828,1
8130;987;1700;1483,6;310;3870;0;844,7
8140;555;1040;1496,9;310;3870;0;831,1
8150;995;1830;1499,8;310;3530;0;836,7
8160;1037;1660;1489,4;310;3530;0;830,1
8170;977;1660;1531,5;310;3530;0;846,1
8180;1047;1920;1563,3;310;3530;0;839,6
8190;813;1560;1577,2;310;3530;0;834,8
8200;933;1340;1620,1;310;3530;0;837,3
8210;801;1860;1658,6;310;4350;0;848,8
8220;649;1480;1692,4;350;4350;0;846,3
8230;837;1670;1698,5;350;4350;0;836,6
8240;797;1900;1711,8;350;4350;0;829,7
8250;549;970;1683,8;350;4350;0;802,7
8260;483;990;1698,2;810;4350;0;786,4
8270;909;1620;1696,9;810;4350;0;794,3
8280;977;2110;1709;810;4350;0;799,3
8290;1023;1800;1722,6;750;4350;0;826,4
8300;771;3280;1748,7;750;4350;0;843,1
8310;1111;1920;1719,1;430;3460;0;856,2
8320;727;1800;1717,3;430;3460;0;848,9
8330;643;1190;1729,4;430;3460;0;831,7
8340;1059;2000;1738,9;430;3460;0;856,9
8350;967;2250;1750,5;430;3460;0;855,5
8360;1247;2100;1746,6;430;3460;0;866
8370;869;2670;1748,1;430;3460;0;860,6
8380;687;1580;1756;430;3460;0;842,6
8390;1241;2440;1771,5;430;3460;0;864
8400;553;1130;1754,4;430;3460;0;845
8410;861;1470;1751,6;860;3300;0;848
8420;667;1100;1720,3;860;3300;0;848,9
8430;901;980;1710,5;860;3300;0;852,1
8440;869;2050;1682,8;870;2690;0;855,7
8450;877;1600;1679,1;400;2690;0;872,1
8460;917;1550;1696,7;400;3840;0;893,8
8470;513;1010;1662,3;400;3840;0;874
8480;741;2010;1639,3;400;3840;0;862,2
8490;751;1250;1604,6;400;3840;0;848,6
8500;855;1410;1596,7;400;3840;0;852,8
8510;617;1260;1598,7;400;3840;0;828,1
8520;837;1840;1640,9;400;3840;0;833,6
8530;791;1210;1615,8;400;3840;0;841
8540;689;1180;1606,4;400;3840;0;822,5
8550;833;1940;1623,2;750;3840;0;815,8
8560;787;1450;1609;750;3460;0;792,8
8570;817;1910;1620;750;3460;0;790,2
8580;981;2700;1627,5;750;3370;0;804,9
8590;745;1910;1640,1;740;3370;0;780,1
8600;1043;1820;1633,8;350;3370;0;804,6
8610;817;2250;1702,1;350;4600;0;802,4
8620;571;1200;1672,5;350;4600;0;797,6
8630;823;2900;1701,1;350;4600;0;793,7
8640;697;1650;1726,5;350;4600;0;785,1
8650;755;1870;1691,5;340;4600;0;779
8660;1051;1150;1664,1;340;4600;0;785,7
8670;647;1100;1678;340;4600;0;792,4
8680;913;2440;1682,7;340;4600;0;801
8690;1023;2030;1682,3;340;4600;0;814,6
8700;783;1760;1692,1;340;4600;0;811
8710;683;1620;1632,9;340;3150;0;814,3
8720;1245;1740;1640,6;340;2900;0;834,7
8730;1121;1980;1647,7;340;2900;0;851,2
8740;555;830;1668,4;340;3230;0;844,5
8750;781;1900;1707,6;690;3230;0;841,9
8760;1109;3100;1762,5;820;3230;0;858
8770;287;340;1753,8;340;3230;0;831,5
8780;671;1770;1741,2;340;3230;0;816
8790;659;1470;1776,4;340;3230;0;811,7
8800;817;1400;1789,5;340;3540;0;800,4
8810;849;2780;1819,5;340;4700;0;802
8820;783;1460;1819,2;340;4700;0;812,6
8830;955;2100;1797,5;340;4700;0;819,2
8840;1243;3820;1790,8;340;4700;0;846,5
8850;1085;1560;1803,5;340;4700;0;863
8860;741;1500;1778,7;340;4700;0;847,5
8870;885;2660;1780,1;720;4700;0;859,4
8880;735;1650;1812,4;720;4700;0;850,5
8890;765;1500;1792,2;720;4700;0;837,6
8900;903;1750;1776,2;720;4700;0;843,6
8910;977;2970;1763;720;3820;0;858,3
8920;1103;1430;1785,5;720;3820;0;851,2
8930;981;2340;1805,6;860;3820;0;844,2
8940;1113;1700;1773,9;310;3580;0;872,1
8950;803;1190;1783,2;310;3580;0;873,2
8960;943;1870;1789,6;310;3580;0;864,9
8970;917;2340;1808,4;310;3580;0;896,4
8980;1009;1810;1807,6;310;4580;0;913,3
8990;881;1950;1836;310;4580;0;924,4
9000;939;1670;1856,6;310;4580;0;930,5
9010;797;1630;1869;310;4580;0;927,9
9020;1117;2510;1847,7;310;4580;0;944,6
9030;1009;2800;1868,1;310;4580;0;947,3
9040;915;2890;1911,3;800;4580;0;930,9
9050;787;2240;1897,6;800;4580;0;916
9060;803;1590;1916,1;980;4730;0;919,1
9070;717;1610;1903;920;4730;0;910,7
9080;841;1650;1877,7;920;4730;0;916
9090;1045;1500;1850;860;4730;0;930
9100;1119;2040;1852,2;860;4730;0;940,8
9110;873;2220;1867;580;5230;0;935,6
9120;941;1810;1858,1;580;5230;0;927,5
9130;1015;1540;1834,3;580;5230;0;929,2
9140;801;1710;1826,3;580;5230;0;913,6
9150;709;2080;1846,2;580;5230;0;908,9
9160;827;2520;1861,6;580;5230;0;903,1
9170;719;1690;1914,5;580;5230;0;893,2
9180;953;2270;1916,2;580;5230;0;890,4
9190;831;2420;1942,6;580;5230;0;887,9
9200;881;1640;1936,3;580;5230;0;885
9210;865;1410;1906,4;830;4360;0;888,4
9220;881;1860;1931,8;830;4360;0;876,6
9230;913;2390;1979;900;4360;0;871,8
9240;997;2660;1975,2;900;4360;0;875,9
9250;737;4690;1956,8;900;4690;0;873,4
9260;733;1740;1913,8;900;4690;0;869,9
9270;913;1830;1875,2;640;4690;0;879,7
9280;1107;2260;1889,5;640;4690;0;893
9290;801;2030;1884;640;4690;0;880,8
9300;807;2110;1891,1;640;4690;0;865,2
9310;733;2130;1882,4;640;4690;0;858,2
9320;855;1380;1911,4;640;4690;0;853,9
9330;741;2200;1900,7;640;4690;0;840,2
9340;455;800;1905,5;640;4690;0;822,9
9350;751;1630;1905,7;640;3370;0;825
9360;701;1530;1933,9;640;3370;0;818,7
9370;823;1720;1941,1;800;3370;0;823,9
9380;997;3470;1956,5;800;3470;0;826,1
9390;919;1700;1911,9;800;3470;0;830,5
9400;907;2130;1925,7;800;3470;0;831,8
9410;799;1600;1943,6;800;3470;0;828,5
9420;897;1540;1948,8;800;3470;0;829,3
9430;911;1530;1942,3;800;3470;0;829,2
9440;761;2230;1949,1;840;3470;0;817,4
9450;735;2240;1969,3;1030;3470;0;817,3
9460;931;2000;1961,7;1030;3470;0;827,2
9470;781;2750;1965,8;1050;3470;0;820,6
9480;793;1770;1929;1070;3180;0;804,9
9490;737;1980;1962,1;930;3180;0;801,7
9500;877;1960;1942,8;930;3180;0;805,2
9510;675;1660;1931,6;930;3180;0;802,3
9520;797;2780;1932,3;390;3730;0;799,4
9530;719;1910;1895,7;390;3730;0;798,3
9540;799;1590;1896,5;390;3730;0;815,5
9550;847;1980;1918,4;390;4350;0;820,3
9560;967;2240;1922,4;390;4350;0;833,6
9570;745;1280;1905,9;390;4350;0;829,7
9580;1031;1700;1940;390;4350;0;831,4
9590;995;2020;1944;390;4350;0;835,2
9600;1017;2580;1966,6;390;4350;0;840,7
9610;715;1510;1984,8;390;4350;0;836,5
9620;511;1160;1949,6;950;4350;0;817,2
9630;801;3340;2020,3;950;4350;0;811,7
9640;911;1380;2027,4;950;4350;0;819,2
9650;517;830;1966,8;830;3620;0;808,3
9660;825;2550;2016,3;830;4740;0;803
9670;981;2260;2031,4;830;4740;0;813
9680;471;1090;2011,6;830;4740;0;796,9
9690;835;2860;2021,5;830;4740;0;801,8
9700;771;1570;2006,6;830;4740;0;796,5
9710;769;1300;1991,7;830;4740;0;801,2
9720;847;1700;2032;830;4740;0;803,7
9730;759;1640;2006,8;830;4740;0;805,7
9740;923;4440;2023,4;830;4740;0;811,9
9750;697;1930;2113,5;1040;5830;0;804,4
9760;745;1950;2061,4;850;5830;0;793,3
9770;597;1350;2038,8;850;5830;0;785,9
9780;757;1770;2072,7;850;5830;0;772,2
9790;769;2150;2062,8;850;5830;0;760,9
9800;899;1620;2151,5;850;6100;0;755
9810;765;2330;2166,4;850;6100;0;757,5
9820;885;2290;2143,2;850;6100;0;776,2
9830;835;1630;2136;850;6100;0;777,9
9840;1013;2590;2128,8;850;6100;0;783
9850;541;1050;2083,3;850;6100;0;784,2
9860;783;2870;2140,1;860;6100;0;782,1
9870;747;1520;2173,8;860;6100;0;770,4
9880;805;1620;2140,5;860;6100;0;787,1
9890;733;1330;2139,8;1050;6100;0;782
9900;745;1600;2077,2;1050;4560;0;780,7
9910;743;1570;2097;1050;4560;0;779,4
9920;757;2070;2125,3;1050;4560;0;774,9
9930;805;1910;2127,8;1050;4560;0;777,2
9940;773;2410;2160,3;1050;4560;0;769,7
9950;779;2240;2185,6;1320;4560;0;773,8
9960;587;1330;2160;1330;4530;0;765,9
9970;983;2040;2171,5;990;4550;0;785,2
9980;655;1500;2170,4;990;4550;0;780,1
9990;751;1800;2169,2;990;4550;0;779,2
10000;811;2220;2147,1;990;4550;0;774,8
10010;775;1730;2121,5;990;4550;0;775,3
10020;975;2020;2104,9;990;4550;0;779,8
10030;793;3110;2116,8;990;4550;0;777,7
10040;817;1790;2076;990;4550;0;767,9
10050;863;1760;2027,7;990;4550;0;784
10060;923;1710;2015,1;990;4550;0;791
10070;819;1940;1984,4;1090;3330;0;794,6
10080;849;3350;2014;1210;3350;0;796,8
10090;711;1650;2030,3;1210;3350;0;795,7
10100;723;1610;2018,1;910;3350;0;794,6
10110;793;2010;2037,9;910;3350;0;797,1
10120;655;1490;2052,5;910;3350;0;792
10130;755;1350;2032,4;910;3350;0;789,5
10140;883;2350;2040,3;910;3540;0;795
10150;703;1730;2067,4;910;3540;0;791,2
10160;955;3190;2075,5;910;3540;0;809,6
10170;707;2040;2120;910;3540;0;795,8
10180;849;2290;2093,9;910;3540;0;805,5
10190;903;2710;2078,6;910;3540;0;813,1
10200;713;1800;2096,3;910;3540;0;808,2
10210;999;2340;2066,7;910;3540;0;819,4
10220;831;2770;2043,1;910;3540;0;812,2
10230;811;1650;2048,8;850;3650;0;813,1
10240;1017;1470;2053,9;850;3650;0;823,1
10250;867;1870;2039,5;850;3650;0;823,3
10260;1103;1870;2007,2;850;3650;0;832,3
10270;965;2210;1968,3;850;3650;0;839,6
10280;719;1310;1978,4;850;3650;0;833,1
10290;701;1410;1981,7;850;3650;0;832,6
10300;945;2090;2017;850;3650;0;843,7
10310;677;1510;2046,1;850;4330;0;837,9
10320;913;1560;2068,1;850;5040;0;850,8
10330;1185;1820;2078,6;900;5040;0;872,3
10340;805;1810;2080,7;900;5040;0;868,4
10350;549;1570;2084,4;900;5040;0;860,7
10360;641;1250;2077,3;900;5040;0;845
10370;953;2260;2086,8;900;5040;0;857,3
10380;1051;2130;2080,9;900;5040;0;867,4
10390;765;1680;2097,5;930;5040;0;860,5
10400;771;1990;2048;930;5040;0;863,4
10410;1091;1930;2039,2;930;5040;0;868
10420;847;1600;2010,7;930;4620;0;868,8
10430;633;1960;1996,7;930;4620;0;859,9
10440;581;1600;1963,9;930;4620;0;838,1
10450;553;1680;1975,9;930;4620;0;822,4
10460;833;2640;1996,4;930;4620;0;808,9
10470;865;2890;1992,9;1060;4620;0;803,9
10480;827;1980;2037,1;1060;4620;0;809,3
10490;963;1590;2006,5;380;4290;0;822,4
10500;871;1840;2025,5;380;4290;0;818,7
10510;535;980;2018,6;380;4290;0;811,6
10520;1109;1880;2029,9;380;4290;0;821,4
10530;825;2430;2034,4;380;4290;0;803,4
10540;933;1920;2036,1;380;4290;0;809,8
10550;753;2950;2022,6;380;4290;0;820
10560;679;2000;2012,7;380;4290;0;821,9
10570;855;1370;1992,2;380;4290;0;817
10580;691;2080;1959,9;380;3390;0;799
10590;819;1850;1966,7;980;3390;0;801,7
10600;721;1820;1963,9;980;3300;0;799,2
10610;825;2800;1959,6;1010;3210;0;785,9
10620;787;2270;1960,3;1010;3210;0;782,9
10630;805;1920;1965,9;1010;3210;0;791,5
10640;829;2290;2001,2;1010;5240;0;803,9
10650;761;2070;1995,4;1010;5240;0;814,3
10660;767;1970;1998,6;1010;5240;0;811
10670;737;1890;2031;1010;5240;0;804,6
10680;757;2100;2033,4;1070;5240;0;801,1
10690;1003;2530;2020,1;400;5240;0;803,1
10700;793;2210;2033,1;400;5240;0;799,2
10710;785;1630;2045,2;400;5240;0;811,7
10720;1013;2150;2041,2;400;5240;0;806,9
10730;753;1600;2020,2;400;5240;0;803,3
10740;705;2130;2007,1;400;5090;0;791,9
10750;769;1430;2008,7;400;5090;0;792,7
10760;757;1850;2013,7;400;5090;0;796,6
10770;671;1210;1976,5;400;5090;0;787,4
10780;847;2060;1982,1;400;3800;0;795,2
10790;911;1510;2022,2;1070;3800;0;799,8
10800;889;2020;2005,7;1070;3800;0;808,2
10810;733;2200;2015,5;1070;3800;0;803,6
10820;977;2120;2020,5;1070;3800;0;813,1
10830;887;2220;2036,3;990;3800;0;817,2
10840;719;1950;2032,3;990;3270;0;811,7
10850;853;1850;2019,2;990;3270;0;816,3
10860;1021;1940;2008,2;990;3270;0;829
10870;385;650;2038,2;650;3600;0;811,4
10880;749;2000;2051,3;650;3600;0;811
10890;875;3040;2060,9;650;3600;0;804,6
10900;847;2150;2065;650;3600;0;807,3
10910;813;2380;2085,2;650;3600;0;808,7
10920;769;1530;2075,6;650;3600;0;796,5
10930;765;2230;2064,2;650;3600;0;797,1
10940;757;1670;2064,4;650;3600;0;799,7
10950;725;1660;2065,7;650;3600;0;797,5
10960;711;2200;2073,8;650;3600;0;795,2
10970;825;1970;2085;1470;3290;0;802,9
10980;769;2510;2066,6;1470;3160;0;799
10990;1075;1920;2037,2;1470;3160;0;807,2
11000;797;1760;2055,2;1470;4740;0;802,6
11010;835;2740;2015;1470;4740;0;807,7
11020;795;2090;2057,6;1470;4740;0;798,6
11030;819;1740;2060,9;1470;4740;0;795,2
11040;929;2180;2044,4;1470;4740;0;805,7
11050;493;2190;2104,1;1470;4900;0;787,7
11060;799;1860;2117,9;1480;4900;0;776,6
11070;987;2000;2100,1;1480;4900;0;806,7
11080;811;3380;2104,2;1460;4900;0;809,8
11090;729;2110;2117,1;1460;4900;0;802,5
11100;841;1610;2106,9;1460;4900;0;802,2
11110;799;2080;2139,2;1100;4900;0;801,5
11120;761;2230;2103,7;1100;4900;0;801,1
11130;619;1340;2099,8;1100;4900;0;793,8
11140;605;1510;2105,6;1100;4900;0;786,2
11150;737;2410;2042,7;1020;3410;0;786,8
11160;899;2610;2030,8;1020;3420;0;796,2
11170;749;1830;2040,7;1020;3420;0;792,4
11180;661;1530;2047,3;1020;3420;0;787
11190;811;2510;2044,7;1020;3420;0;773,8
11200;903;2260;2034,2;1020;3420;0;779,1
11210;989;1840;2033,3;1020;3420;0;786,8
11220;887;2470;2062,5;1020;3420;0;791,4
11230;813;2650;2090,3;1020;3420;0;791,1
11240;841;2380;2096,4;1020;3420;0;786,7
11250;837;1790;2108,2;1380;3420;0;803,9
11260;909;2060;2109,1;1410;3120;0;809,4
11270;817;1560;2090,1;1280;3120;0;800,9
11280;989;2320;2074,6;1280;3120;0;809,8
11290;1081;2080;2069,5;1280;3120;0;827,4
11300;1023;2670;2108,9;1280;3620;0;836,5
11310;783;2220;2078,9;1280;3620;0;835,7
11320;791;2790;2048,1;1280;3620;0;837,2
11330;757;2080;2052,6;1280;3620;0;844,1
11340;797;2180;2051,2;1280;3620;0;853,7
11350;741;1690;2056,5;1280;3620;0;853,9
11360;847;2360;2090,3;1280;4670;0;851,3
11370;821;2110;2090,4;1290;4670;0;854,9
11380;897;2020;2082,9;1290;4670;0;866,7
11390;705;2310;2090,4;1380;4670;0;861,4
11400;697;2050;2051;1380;4670;0;851,1
11410;857;2210;2080,6;1380;4670;0;844,5
11420;825;2200;2060,4;1150;4670;0;841,4
11430;809;1700;2017,3;1110;4670;0;841,2
11440;835;1780;2017,9;1110;4670;0;840,9
11450;747;1500;2022,1;1110;4670;0;836,4
11460;857;2360;1989;1110;3370;0;833,8
11470;1039;2210;2013,3;1110;3370;0;844,9
11480;863;2100;2028,4;1110;3720;0;838,6
11490;699;2190;2028,2;1110;3720;0;819,5
11500;691;1690;2053,8;1110;3720;0;802,9
11510;837;2360;2031,9;1110;3720;0;805,6
11520;739;1450;2057,2;1110;3720;0;803
11530;837;1780;2088,4;1290;3720;0;807
11540;841;2390;2097,2;1290;3720;0;809,2
11550;591;2820;2135,3;1090;4450;0;801,7
11560;903;2590;2133;1090;4450;0;804,5
11570;909;1880;2137,6;1090;4450;0;808,9
11580;809;2320;2135,1;1090;4450;0;804,5
11590;797;2710;2137,4;1090;4450;0;809,1
11600;775;2140;2142,9;1090;4450;0;813
11610;921;1870;2163,6;1090;4450;0;816,2
11620;861;1960;2151;1090;4450;0;818
11630;719;2350;2148;1090;4450;0;813,5
11640;665;2070;2154,2;1090;4450;0;805
11650;885;1980;2103,3;1320;3630;0;811,9
11660;781;2560;2130,2;1320;3630;0;808,1
11670;823;3320;2132,5;1320;3630;0;797,3
11680;821;1880;2122,6;1330;3320;0;795,2
11690;843;3120;2146,3;1330;3320;0;802,4
11700;877;2260;2142,9;1430;3320;0;811,7
11710;841;1600;2144;1430;3380;0;811,9
11720;1139;2840;2178,6;1430;3380;0;831,9
11730;823;2370;2183;1430;3380;0;831,2
11740;779;1950;2185,1;1430;3380;0;828,1
11750;865;2060;2206,3;1430;3380;0;841,8
11760;659;2000;2238,8;1510;4600;0;829,6
11770;723;2270;2265,8;1510;4600;0;820,3
11780;629;1810;2276,8;1500;4600;0;811,3
11790;745;4680;2269,8;1390;4680;0;808,7
11800;721;2090;2263,3;1390;4680;0;806
11810;851;2050;2241;1390;4680;0;802,5
11820;729;1820;2243,2;1390;4680;0;795,9
11830;933;3160;2230,4;1390;4680;0;806,6
11840;837;2510;2239,1;1390;4680;0;815,2
11850;991;2070;2215,2;1060;4680;0;820,5
11860;917;2440;2177,8;1060;4680;0;827,3
11870;725;1900;2147,3;1060;4680;0;822,4
11880;811;3520;2172;1060;4680;0;821,9
11890;877;1920;2155,5;1060;3520;0;823,6
11900;871;2300;2154,3;1060;3520;0;823,3
11910;971;1930;2164,6;1060;3520;0;829,8
11920;783;1710;2165,7;1060;3520;0;812
11930;715;1800;2202,3;1060;3620;0;806,6
11940;803;2200;2180,8;1060;3620;0;807,8
11950;697;1740;2227,1;910;6040;0;799,4
11960;833;2100;2209,6;910;6040;0;808,1
11970;797;1710;2224,7;910;6040;0;811,8
11980;1213;2510;2223,5;910;6040;0;841
11990;717;1430;2237,3;910;6040;0;839,6
12000;873;2000;2256,7;910;6040;0;847,2
12010;743;2420;2267;910;6040;0;841,8
12020;699;2180;2223,6;910;6040;0;840,3
12030;895;1660;2185,6;910;6040;0;838,4
12040;811;1930;2199;910;6040;0;837,1
12050;625;2170;2198,5;1310;4750;0;818,8
12060;817;2170;2190,2;1310;4750;0;813,8
12070;671;2290;2185,6;1310;4750;0;811,1
12080;775;1630;2159,9;1310;3740;0;809,3
12090;665;1380;2128,7;1310;3360;0;798,7
12100;799;2120;2114,2;1310;3360;0;795,1
12110;819;1890;2129,2;1310;4730;0;787,5
12120;761;2190;2166,1;1340;4730;0;786,4
12130;855;2660;2164,4;340;4730;0;793,4
12140;705;2150;2161;340;4730;0;788,5
12150;977;2420;2125,5;50;4730;0;802,5
12160;775;2180;2141,3;50;4730;0;799,6
12170;713;1100;2127,6;50;4730;0;795,4
12180;767;1760;2070,1;50;4730;0;773,1
12190;695;1720;2068,6;50;4730;0;772
12200;875;1670;2027,8;50;4730;0;772,1
12210;277;120;1960,4;50;4510;0;748,8
12220;291;120;1905,1;50;4510;0;728,4
12230;789;1600;1898;50;4560;0;723,1
12240;845;1990;1888,9;50;4560;0;724,8
12250;635;2040;1877,5;50;4560;0;725,3
12260;841;1410;1854,9;50;4560;0;726,5
12270;857;2030;1845;50;4560;0;735,8
12280;717;1700;1899;50;4560;0;732,9
12290;679;1340;1902,9;60;4560;0;733,6
12300;1085;2540;1911,7;50;4560;0;747,9
12310;771;2000;1970,2;50;4710;0;745,5
12320;1435;1820;2008,7;50;4710;0;779,2
12330;811;1600;2011;50;4710;0;777
12340;773;2020;2027,4;50;4710;0;780,4
12350;727;2150;2051,9;50;4710;0;767,9
12360;933;2290;2079,1;50;4710;0;775,8
12370;739;1850;2124;50;4910;0;777,1
12380;735;2940;2126,1;50;4910;0;775,5
12390;919;1790;2163,6;50;4910;0;786,7
12400;1027;2120;2199,4;60;4910;0;794,3
12410;593;2710;2199,9;60;4910;0;810,1
12420;679;2160;2221,8;60;4910;0;829,5
12430;1045;2030;2246,7;60;4910;0;842,3
12440;887;2030;2229,7;60;4910;0;844,4
12450;777;1860;2243,9;60;4910;0;851,5
12460;727;1760;2243;1550;4910;0;845,8
12470;861;1760;2219,4;1470;3440;0;846
12480;711;2120;2236,2;1470;3440;0;845,7
12490;721;1570;2196;1470;3440;0;847,8
12500;795;2160;2163,9;1340;3250;0;833,3
12510;649;1770;2145,5;1340;3250;0;827,2
12520;701;2430;2144,3;1340;3250;0;790,5
12530;899;2560;2132,6;1340;3250;0;794,9
12540;955;1830;2139,8;1340;3250;0;804
12550;809;1950;2132,5;1340;3250;0;808,1
12560;705;2120;2126,6;1340;3250;0;796,7
12570;885;2930;2123,7;1340;3250;0;804
12580;683;1750;2085,3;1340;3200;0;801,4
12590;891;1980;2107,7;1340;3370;0;800
12600;695;2170;2120,9;1460;3370;0;783,4
12610;765;2040;2076,9;930;3370;0;792
12620;903;1770;2056,2;930;3370;0;803,2
12630;725;1710;2049,9;930;3370;0;787,2
12640;867;3210;2041,6;930;3370;0;786,2
12650;743;1920;2028,3;930;3370;0;784,5
12660;805;1790;2037,2;930;3370;0;788,4
12670;807;2510;2016,4;930;3370;0;785,7
12680;803;1950;2042,7;930;3370;0;790,3
12690;1023;2510;2045;930;3330;0;805,4
12700;1237;1920;2052,6;930;3330;0;827,5
12710;593;2690;2089,4;1500;3330;0;824,7
12720;847;2860;2097,7;1520;3270;0;832
12730;763;2340;2099,4;1580;3270;0;825,2
12740;1043;2050;2114,5;1580;3270;0;829,6
12750;659;1680;2140,8;1580;4770;0;822,1
12760;679;2410;2151,8;1580;4770;0;820,8
12770;749;1640;2164,7;1540;4770;0;814
12780;1023;2120;2161,6;1540;4770;0;831
12790;807;2570;2158,2;1540;4770;0;826,8
12800;895;1730;2134,1;1490;4770;0;836,8
12810;673;1690;2147,5;1450;4770;0;832,2
12820;799;2700;2141,4;1450;4770;0;827
12830;663;1650;2147,2;1240;4770;0;823,9
12840;663;1880;2127,8;1240;4770;0;813,7
12850;1021;2310;2101,2;1240;3380;0;827,6
12860;879;2180;2074,4;1240;3170;0;831,3
12870;1289;2020;2067,5;1240;3170;0;855,4
12880;821;1990;2079,9;1240;3180;0;856,3
12890;755;1950;2075,2;1240;3180;0;842,9
12900;963;4720;2106,8;1240;4720;0;829,2
12910;845;1790;2096,4;1240;4720;0;841,8
12920;925;2500;2083,3;1240;4720;0;845,7
12930;879;1790;2074,7;1450;4720;0;851,5
12940;771;1710;2095,5;1340;4720;0;837,9
12950;849;1890;2122,2;1340;4720;0;847,4
12960;775;1990;2119,6;1340;4720;0;852,2
12970;861;2260;2124,2;1340;4720;0;857,8
12980;733;1850;2119,2;1340;4720;0;843,3
12990;935;2810;2170,1;1340;4720;0;849,7
13000;617;1660;2149,7;1340;4600;0;835,8
13010;859;1890;2145,9;1340;4600;0;845,1
13020;731;2230;2169,3;1340;4600;0;841,7
13030;651;1850;2151,5;930;4600;0;841,1
13040;843;1840;2119,9;930;4600;0;850,1
13050;901;1840;2090,7;930;4600;0;844,1
13060;779;1820;2089,8;930;4600;0;839,1
13070;859;1780;2090,6;930;4600;0;817,6
13080;923;1830;2088,2;930;4600;0;822,7
13090;751;1750;2028,7;930;3030;0;822,5
13100;809;2400;2022,1;930;3000;0;814,8
13110;745;2100;2027,2;930;3330;0;809,8
13120;931;3100;2028,9;930;3330;0;810,1
13130;1067;1820;2060,4;1520;3330;0;819,5
13140;753;1960;2072,4;1520;3330;0;818,6
13150;621;2110;2077,6;1520;3330;0;807,2
13160;851;1730;2082,3;1520;3330;0;811
13170;821;2230;2107,8;1520;3330;0;809
13180;785;2110;2104,4;1510;3330;0;811,6
13190;857;2300;2111,4;1510;3330;0;807,7
13200;923;1990;2184,6;1510;4050;0;823
13210;939;2100;2179,7;1510;4050;0;827
13220;775;2130;2160,2;1510;4050;0;829,2
13230;653;2150;2175,7;1510;4050;0;829,3
13240;1013;1830;2196,6;1510;4050;0;837,8
13250;833;1800;2173,8;1510;4050;0;834,4
13260;749;1750;2179,7;1510;4050;0;832,9
13270;1089;1960;2148,9;1510;4050;0;844,4
13280;913;1620;2149,4;1500;4050;0;843,9
13290;815;3610;2172,2;1500;4050;0;847,1
13300;1041;2230;2116,5;1500;3610;0;858,7
13310;753;2540;2131,5;1500;3610;0;859,1
13320;841;1740;2133,5;1500;3610;0;854,6
13330;975;2330;2138,1;1500;4740;0;850
13340;801;2310;2124,8;1500;4740;0;852,4
13350;835;1870;2138,5;1500;4740;0;863,1
13360;775;2070;2129,1;1500;4740;0;859,3
13370;995;2240;2122,5;1500;4740;0;868
13380;819;3220;2137,6;1500;4740;0;869,7
13390;939;2190;2106,7;1500;4740;0;873,8
13400;703;2970;2102,2;1500;4740;0;862,8
13410;881;1900;2083,4;1500;4740;0;859,9
13420;763;2390;2100,1;1590;4740;0;859,3
13430;1095;2430;2093,2;1510;3440;0;881,4
13440;823;2040;2108,4;1510;3440;0;871,9
13450;871;2060;2126,6;1510;3440;0;873,8
13460;923;2340;2145,6;1510;3440;0;882,5
13470;1111;3100;2176,2;1510;3440;0;883,6
13480;963;2440;2164,4;1510;3440;0;886,1
13490;905;1980;2175,6;1510;3440;0;890,6
13500;791;1790;2156,4;1510;3440;0;878,1
13510;651;1880;2154,1;1510;3440;0;873
13520;771;1780;2122,4;1510;3380;0;869,5
13530;743;2140;2091,7;1510;3380;0;857,9
13540;739;2050;2076,2;1510;3380;0;854,8
13550;747;1750;2081;1510;3380;0;850,4
13560;1009;2050;2112,6;1450;4640;0;862,1
13570;979;1980;2084,6;1450;4640;0;861,3
13580;869;2200;2091,2;1450;4640;0;863,8
13590;749;1750;2089,4;1370;4640;0;854,3
13600;1023;1960;2125;1370;4640;0;870,3
13610;923;1810;2124,7;1370;4640;0;872,4
13620;625;1950;2103;1370;4640;0;865,5
13630;853;2310;2119,7;1370;4640;0;853,4
13640;641;1880;2111,2;1370;4640;0;844,3
13650;625;1850;2115,4;1370;4640;0;832
13660;765;1650;2062,2;1370;3660;0;824,1
13670;1119;2470;2098;1370;3820;0;824,5
13680;617;1610;2076,2;1370;3820;0;807,2
13690;1025;2330;2086;1420;3820;0;813,2
13700;879;2490;2078,4;1420;3820;0;817,6
13710;781;1730;2080,6;1420;3820;0;824,1
13720;789;2390;2141,9;1530;3820;0;825
13730;1067;1580;2139,3;1530;3820;0;841,2
13740;725;1770;2146,4;1530;3820;0;840,5
13750;837;1820;2137,7;1510;3820;0;845
13760;1395;2080;2172,8;1510;3820;0;864,3
13770;889;3450;2169,3;1410;3590;0;859,8
13780;791;2420;2200,5;1410;3600;0;855,9
13790;707;1630;2198,4;1410;3600;0;853,8
13800;869;2380;2182,7;1410;3600;0;846,1
13810;813;1840;2190,8;1410;3600;0;840,6
13820;811;1720;2168,1;1410;4050;0;849,9
13830;751;1830;2155,5;1410;4050;0;844,8
13840;689;1740;2157,3;1410;4050;0;847,2
13850;747;1530;2160,9;1410;4050;0;853,3
13860;1077;1960;2156,9;1410;4050;0;868,9
13870;595;2180;2119,7;1490;4050;0;842,7
13880;933;2240;2099,5;1470;4050;0;858,5
13890;785;1730;2064,4;1470;4050;0;846,5
13900;787;1600;2074,4;1470;4050;0;841,9
13910;811;1840;2092,4;1470;4050;0;843,4
13920;823;1780;2107,8;1430;3650;0;845,1
13930;887;1950;2100,9;1430;3650;0;836,1
13940;1009;1920;2082,9;1310;3650;0;850,3
13950;825;1580;2070,7;1310;3650;0;849,7
13960;731;2180;2046,3;1310;3650;0;816,5
13970;849;2480;2069,5;1310;3650;0;814,5
13980;671;1790;2066,4;1310;3650;0;808,5
13990;1047;1750;2068,6;1310;3650;0;825,5
14000;581;1520;2055,1;1310;3650;0;811,1
14010;697;1500;2006,4;1310;3280;0;805,3
14020;873;1630;1970,6;1310;3280;0;808,4
14030;675;1860;1982,8;1310;3280;0;804,6
14040;805;1760;1992,7;1400;3280;0;810,4
14050;811;1600;2001,4;1400;3670;0;813,6
14060;661;1820;1992,3;1400;3670;0;792,8
14070;1001;1720;1984,4;1400;3980;0;813,1
14080;1083;1800;1972;1400;3980;0;820,6
14090;893;1870;1983,2;1400;3980;0;826
14100;721;1890;1970,3;1220;3980;0;822,7
14110;611;1770;2014,1;1220;3980;0;812,7
14120;793;1960;2018,7;1220;3980;0;811,2
14130;581;2000;2012,8;1220;3980;0;795,9
14140;725;2260;2021,6;1220;3980;0;781,7
14150;619;2820;2043,9;1220;4840;0;771,4
14160;1189;2290;2055,5;1220;4840;0;794,3
14170;531;1820;2050,7;1220;4840;0;778,4
14180;485;1110;2071,8;1110;4840;0;769,1
14190;721;1920;2098,3;1110;4840;0;752,8
14200;787;2260;2146,3;1110;4840;0;763,1
14210;799;2120;2127,7;1110;4840;0;768,2
14220;921;1820;2157,1;1110;4840;0;770,6
14230;577;2270;2162,4;1110;4840;0;765,7
14240;797;2370;2174,9;1110;4840;0;765,3
14250;815;2420;2154,4;1110;3450;0;765,5
14260;981;1620;2144,1;1110;3450;0;781,5
14270;709;2280;2186,9;1110;4600;0;766,9
14280;639;2050;2195,3;1130;4600;0;744,7
14290;871;3190;2196,2;1130;4600;0;743,6
14300;1027;2130;2187,2;1130;4600;0;758,9
14310;829;1540;2180,2;1130;4600;0;769,8
14320;631;1740;2168,1;1130;4600;0;761,7
14330;811;2310;2201,4;1130;4600;0;773,2
14340;953;2060;2197,7;1130;4600;0;784,6
14350;1127;2310;2198,1;1130;4600;0;810
14360;923;2210;2212,4;1510;4600;0;796,7
14370;661;1810;2187,4;1510;4440;0;803,2
14380;985;1820;2167,6;1470;4440;0;828,2
14390;753;1820;2142,3;1470;4440;0;829,8
14400;795;2730;2121,8;1300;4440;0;830,2
14410;787;2170;2146,9;1300;4440;0;829,6
14420;637;1330;2145,8;1300;4440;0;815,4
14430;735;1790;2155,1;1300;4380;0;823,3
14440;983;1920;2154,9;1300;4380;0;832,6
14450;997;1970;2144,8;1300;4380;0;841,7
14460;1111;1920;2159,1;1300;4380;0;848,2
14470;749;2450;2179,5;1300;3630;0;850,2
14480;631;1430;2196,2;1300;3630;0;849,8
14490;817;1810;2225,9;1300;3630;0;847,1
14500;685;1650;2235,5;1330;3630;0;830
14510;795;2380;2260,2;1330;3630;0;828,3
14520;709;2160;2267,7;1430;3630;0;832,2
14530;993;1830;2220,1;1430;3630;0;841,3
14540;825;2070;2237,3;1430;3740;0;834,9
14550;799;1940;2238,1;1030;3740;0;818,5
14560;911;3010;2247;1030;3740;0;817,9
14570;1175;1960;2239;1030;3740;0;843,6
14580;653;2270;2222;1030;3740;0;827
14590;843;2610;2184,4;380;3740;0;831,5
14600;867;2000;2191,4;380;3740;0;835,1
14610;1057;1850;2142,2;380;3740;0;848,6
14620;689;2390;2156;380;3740;0;851,2
14630;641;1980;2157,9;380;3740;0;846,5
14640;703;1970;2168;380;3400;0;832,5
14650;639;1990;2171,1;380;3400;0;814,6
14660;925;2160;2141,1;380;3400;0;805,3
14670;709;1880;2137,7;380;3400;0;803,3
14680;1017;1940;2139,5;380;3400;0;822,6
14690;809;2030;2168,5;890;3460;0;822,2
14700;729;2330;2142,9;890;3460;0;824,4
14710;683;2110;2161,6;1100;3460;0;818,8
14720;843;2090;2156,6;1100;3460;0;825,5
14730;1101;2390;2203,4;1100;3460;0;830,9
14740;1017;3890;2203,3;1100;3890;0;840,5
14750;917;2000;2225,8;1100;3890;0;846,4
14760;839;1880;2234,4;1100;3890;0;842,8
14770;927;2200;2221,9;1100;3890;0;830,4
14780;701;1810;2223,9;1100;3890;0;832,8
14790;845;2780;2222,1;1100;3890;0;832,9
14800;759;1900;2274,1;1150;4600;0;827,5
14810;775;2180;2307,9;1150;4600;0;813,4
14820;751;2110;2290,7;1150;4600;0;816,5
14830;1103;2800;2258,7;1140;4600;0;839,6
14840;773;2020;2222,5;1140;4600;0;843,1
14850;915;1910;2195,2;1140;4600;0;856,9
14860;1015;2220;2202,3;1140;4600;0;861,4
14870;633;1920;2214,3;1140;4600;0;857,6
14880;713;1760;2241,5;1140;4600;0;842,4
14890;721;3080;2235,1;350;4600;0;838
14900;709;1900;2202,6;350;4530;0;837
14910;1231;1630;2145,2;350;3400;0;864,4
14920;969;2200;2152,5;350;4640;0;870,7
14930;805;2010;2157,4;350;4640;0;855,9
14940;761;2420;2162;350;4640;0;843,1
14950;859;2190;2177,4;350;4640;0;840,2
14960;945;2600;2197,1;350;4640;0;845,5
14970;815;2530;2194,9;350;4640;0;839,9
14980;781;2190;2183,9;350;4640;0;843,9
14990;747;1980;2202,2;1040;4640;0;839
15000;835;1990;2207,1;1040;4640;0;842,8
15010;753;1680;2213,8;1040;4640;0;841,7
15020;705;2100;2218,3;1290;3460;0;839,4
15030;1057;2460;2240,4;1290;3460;0;837,1
15040;755;2010;2263;1550;3460;0;836,2
15050;1055;2510;2261,7;1550;3460;0;843,2
15060;705;3180;2278,6;1550;4660;0;827,7
15070;875;2080;2272,8;1550;4660;0;839,8
15080;711;2340;2294,9;1550;4660;0;839,7
15090;805;2600;2284,9;1550;4660;0;843,9
15100;1001;2550;2275,5;1550;4660;0;858,5
15110;831;2690;2334,4;1560;4660;0;838,5
15120;903;2010;2401,7;1590;4660;0;835,2
15130;913;2300;2386,7;1590;4660;0;840,6
15140;803;2170;2366,6;1170;4660;0;842,7
15150;831;2150;2372,2;1170;4660;0;841,3
15160;677;1910;2330,9;1170;4650;0;827,9
15170;823;2590;2339,8;1170;4650;0;828,3
15180;887;2600;2308,3;1170;4650;0;833,6
15190;785;2190;2304,6;1170;4650;0;835,5
15200;969;2630;2295,6;1170;4650;0;842,2
15210;1007;1900;2251,8;1170;4650;0;854,9
15220;725;2310;2192;1170;3810;0;855,9
15230;667;2320;2207,2;1170;4600;0;836,4
15240;767;1880;2220,4;1400;4600;0;837
15250;899;1950;2217,4;1400;4600;0;829,2
15260;897;1950;2216,9;1400;4600;0;838,8
15270;631;1480;2196,1;1400;4600;0;826,6
15280;727;2030;2191,2;1340;4600;0;827,4
15290;797;2570;2213,6;1340;4600;0;827
15300;763;2560;2227,8;1340;4600;0;815,1
15310;847;2280;2223,4;1340;4600;0;815,9
15320;677;2200;2199,6;1340;4600;0;804,6
15330;833;3040;2188,9;1340;4590;0;800,6
15340;959;2430;2180,8;1340;3270;0;808,4
15350;825;1980;2201,3;1340;5290;0;808,1
15360;713;1930;2185,8;1340;5290;0;809,9
15370;723;1930;2196,3;1340;5290;0;804,9
15380;903;1850;2203,6;1590;5290;0;805,7
15390;673;1550;2205,7;1550;5290;0;800,1
15400;1037;2250;2199,9;1550;5290;0;803,5
15410;673;2230;2228,5;1550;5290;0;786,8
15420;847;1970;2256,6;1550;5290;0;792,9
15430;787;3060;2249,3;1550;5290;0;798,9
15440;1039;2140;2241,5;1550;5290;0;812,5
15450;521;1720;2213,2;1550;4290;0;793,6
15460;781;2450;2241;1550;4290;0;787,8
15470;751;2130;2240,6;1550;4290;0;793,8
15480;947;2730;2245,9;1550;4290;0;804,8
15490;691;1890;2220,5;1590;4290;0;799,5
15500;911;1760;2229;1590;4290;0;806,9
15510;875;2290;2211,6;1590;4290;0;808,3
15520;533;1870;2218,2;1590;4050;0;801,1
15530;891;2960;2243,8;1590;4050;0;804
15540;825;1800;2241,8;1590;4050;0;797,3
15550;847;2920;2260,2;1590;4050;0;798,4
15560;843;3160;2296;1590;4050;0;804,9
15570;621;1720;2329,9;1600;4360;0;799,8
15580;783;2180;2337,2;1600;4360;0;793,8
15590;669;1600;2336,7;1600;4360;0;793,6
15600;743;2190;2346,4;1540;4360;0;778,9
15610;563;1700;2340,6;1530;4360;0;773,4
15620;699;1690;2326,6;1530;4360;0;766
15630;873;1890;2302,1;1530;4360;0;770,3
15640;855;2120;2312,2;1530;4360;0;761,1
15650;613;1770;2309,3;1530;4360;0;765,7
15660;813;2400;2261,2;1530;4360;0;767,3
15670;763;1910;2259,6;1530;4590;0;767,9
15680;705;2440;2284,4;1530;4670;0;755,8
15690;717;2800;2324,4;1530;4670;0;757,1
15700;897;2060;2316,7;1530;4670;0;756,4
15710;823;2340;2328,2;1540;4670;0;753,8
15720;791;2480;2329;1540;4670;0;766,7
15730;631;1670;2321,2;1540;4670;0;753,7
15740;743;2360;2319;1540;4670;0;749,6
15750;827;2420;2319,1;1580;4670;0;748,6
15760;1085;1790;2318;1580;4670;0;760,7
15770;1089;3860;2322;1530;4670;0;784,1
15780;1187;2160;2284,7;1530;3860;0;804,3
15790;419;1380;2254,9;1380;3860;0;791,8
15800;925;2470;2264;1380;3860;0;800,9
15810;617;2060;2275,4;1380;3860;0;803,6
15820;685;1530;2281,6;1380;3860;0;802,9
15830;695;2020;2291,6;1380;3860;0;794
15840;891;1940;2278,9;1330;3860;0;795,8
15850;825;2510;2281,4;1330;3860;0;806,4
15860;847;2330;2301,9;1330;3860;0;808,1
15870;703;1770;2273,8;1330;3440;0;805,1
15880;921;2120;2259,2;1330;3370;0;815,9
15890;803;2750;2267,8;1330;3370;0;820,2
15900;767;2050;2271,9;1330;3370;0;813,7
15910;625;2290;2265;1330;3300;0;803,8
15920;815;1860;2275,1;1330;3300;0;805
15930;789;2970;2289,4;1330;3300;0;812,9
15940;711;1840;2333,8;1520;4610;0;811,3
15950;943;1970;2348,8;1520;4610;0;817,1
15960;707;2090;2351,4;1170;4610;0;798,2
15970;789;2370;2351;1170;4610;0;783,2
15980;895;2540;2387,2;1170;4610;0;768,6
15990;945;2300;2384,1;1170;4610;0;794,9
16000;697;1700;2349,5;1170;4610;0;783,5
16010;901;2500;2368,8;1170;4610;0;797,7
16020;673;2190;2358,3;1170;4610;0;797,1
16030;937;1940;2339,7;1170;4610;0;809,2
16040;741;2090;2311,8;1170;4180;0;801,7
16050;695;1890;2267,6;1170;4180;0;795,2
16060;885;3610;2272,2;1150;4530;0;797,1
16070;693;1840;2291,3;1150;4530;0;796,6
16080;945;2160;2273;1150;4530;0;797,8
16090;951;3130;2287,1;1150;4530;0;805,2
16100;859;2840;2345,2;1150;4770;0;809,8
16110;969;2800;2362,6;1150;4770;0;827
16120;865;1910;2350,3;1150;4770;0;829,5
16130;855;2830;2389,2;1150;4770;0;832,8
16140;1055;3330;2405,2;1150;4770;0;850
16150;835;2430;2468,7;1150;4770;0;844,6
16160;1235;2360;2500,4;1240;4770;0;871
16170;1231;3750;2529,6;1240;4770;0;893,1
16180;917;2510;2571,5;1240;4770;0;894,2
16190;1081;4450;2605,4;1240;4770;0;901
16200;793;1890;2576,5;1240;4450;0;905,8
16210;1015;2490;2577,4;1240;4450;0;911,5
16220;823;1930;2637;1240;4450;0;919
16230;787;3250;2632,2;1540;4450;0;911,5
16240;1117;2450;2661,5;1540;4450;0;930,3
16250;847;3460;2664,6;1540;4450;0;937,9
16260;839;2610;2628,1;1540;4450;0;935,6
16270;847;2200;2599,5;1540;4450;0;943,3
16280;1043;2350;2567,2;1540;4450;0;948,2
16290;911;3530;2527,9;1450;3960;0;946,2
16300;961;2240;2529,8;1450;3960;0;951,3
16310;1205;3660;2530,6;1450;3960;0;963,1
16320;817;2460;2487,8;1450;3960;0;960,7
16330;983;3950;2477,2;1450;3960;0;967,1
16340;881;2020;2442,3;1450;3960;0;958,4
16350;821;3710;2434,2;1450;3950;0;957,7
16360;779;2210;2467,5;1450;3950;0;934,9
16370;789;2490;2463,3;1450;3950;0;912,8
16380;755;1950;2481,7;1450;3950;0;904,7
16390;915;2850;2497,9;1580;3950;0;896,4
16400;1027;2800;2513,8;1580;3950;0;908,1
16410;1031;2340;2493,7;1580;3950;0;908,9
16420;839;2380;2493,8;1580;3950;0;909,7
16430;1017;2030;2494,2;1610;3880;0;921,2
16440;777;3350;2505,4;1610;3880;0;904,2
16450;743;2030;2501,6;1610;4040;0;899
16460;867;2420;2510,9;1610;4040;0;900,4
16470;1229;2350;2529,1;1610;5050;0;919,5
16480;813;2030;2516,8;1610;5050;0;908
16490;1239;3070;2520,1;1610;5050;0;924,4
16500;963;2340;2509,2;1610;5050;0;924,5
16510;945;2550;2518,6;1610;5050;0;911,5
16520;775;1510;2530,4;1510;5050;0;909,4
16530;865;3020;2545,1;1510;5050;0;903,5
16540;933;2850;2558,6;1510;5050;0;906,1
16550;919;2610;2571,7;1510;5050;0;911
16560;783;3270;2564,1;1510;5050;0;911,2
16570;697;3110;2551;1510;4540;0;906,6
16580;775;2270;2557,2;1510;4540;0;907,6
16590;927;2520;2569,8;1510;4540;0;908,2
16600;739;3140;2603,2;1510;4540;0;893,8
16610;723;2300;2602,4;1510;4540;0;878,4
16620;981;2870;2619,1;1800;4540;0;885,5
16630;1107;3450;2607,3;1800;4540;0;890
16640;761;2300;2595,7;1770;4540;0;889,2
16650;801;2050;2574,2;1770;4160;0;892,1
16660;879;3140;2555,7;1770;4160;0;892,7
16670;1025;3050;2594;1770;4800;0;882,5
16680;723;2620;2609,8;1770;4800;0;878
16690;905;3330;2609,8;1770;4800;0;861,3
16700;777;2190;2570,3;1770;4800;0;852
16710;981;2920;2575;1770;4800;0;853,8
16720;799;2320;2562;1770;4800;0;855
16730;977;2450;2546,8;1760;4800;0;860,6
16740;681;2050;2535,3;1760;4800;0;848
16750;777;2000;2560,3;1760;4800;0;840,9
16760;841;2420;2565,3;1760;4800;0;843,8
16770;727;2640;2532,6;1760;4460;0;845,3
16780;849;2730;2539,4;1760;4460;0;849
16790;897;2650;2528,3;1760;4460;0;847,5
16800;1105;2570;2537,4;1760;4460;0;865,8
16810;707;2130;2525,9;1670;4460;0;865
16820;757;2350;2545,9;1670;4460;0;853,8
16830;933;2470;2548,4;1670;4460;0;845,1
16840;949;2580;2557,5;1670;4460;0;854,5
16850;793;3140;2539,8;1670;4020;0;854,1
16860;637;1920;2509,2;640;4020;0;842
16870;779;2220;2499,3;640;4020;0;829,7
16880;823;2290;2492,9;640;4020;0;834,7
16890;767;3170;2516,2;640;4020;0;827,8
16900;865;2070;2544,3;640;5470;0;832,2
16910;925;3260;2546,8;640;5470;0;829,4
16920;825;2900;2540,9;640;5470;0;830,7
16930;891;2530;2581,2;640;5470;0;826,4
16940;865;2480;2591,2;640;5470;0;835,6
16950;813;2570;2592,7;640;5470;0;837,4
16960;727;2650;2595,3;1450;5470;0;831,7
16970;829;2790;2643,7;1450;5470;0;836,8
16980;863;3320;2643;1450;5470;0;837,5
16990;1031;2290;2644,5;1450;5470;0;844,2
17000;1065;3180;2644,2;1450;4400;0;842,2
17010;743;2340;2646,1;1450;4400;0;844
17020;729;2920;2668,6;1450;5040;0;842,6
17030;887;2810;2659,9;1450;5040;0;840,3
17040;699;2820;2674,1;1450;5040;0;827,8
17050;979;2340;2679,5;1450;5040;0;837,1
17060;863;2400;2692,6;1040;5040;0;848,4
17070;877;2420;2623,8;1040;5040;0;853,3
17080;1041;2970;2624;1040;5040;0;864,2
17090;745;2390;2606,8;1040;5040;0;863,1
17100;759;2090;2579,5;1040;5040;0;857,8
17110;895;2680;2559,9;1040;5040;0;856,3
17120;723;2840;2519,7;1040;4810;0;851,2
17130;1269;2490;2514,3;1040;4810;0;870,1
17140;711;1980;2517,8;1040;4810;0;862,4
17150;917;2440;2477,9;1040;4810;0;867,6
17160;897;3430;2492,6;1080;4810;0;876,1
17170;843;2560;2530,4;1080;4810;0;876,8
17180;1023;2480;2525;1080;4810;0;884,8
17190;897;2750;2525,8;1080;4680;0;878,1
17200;1069;2470;2549,3;1730;4680;0;878,3
17210;1043;2750;2595,5;1890;4680;0;893,3
17220;1005;3220;2604,2;1890;4680;0;907,1
17230;797;3140;2603,1;1890;4680;0;902,6
17240;823;2000;2605;1890;6670;0;908,8
17250;783;1830;2621,5;1830;6670;0;899
17260;821;2410;2605,8;1760;6670;0;896,9
17270;889;2440;2572,4;1760;6670;0;897,5
17280;729;2380;2559,3;1760;6670;0;881,9
17290;1137;2170;2542,6;1760;6670;0;901,5
17300;1001;2370;2517,4;1240;6670;0;913,6
17310;903;2150;2486,9;1240;6670;0;914
17320;613;2220;2462;1240;6670;0;908,5
17330;925;2360;2450,6;1240;6670;0;891,3
17340;887;2330;2416,7;1240;4170;0;900,1
17350;855;2400;2406,3;1240;4170;0;897
17360;845;2240;2406,7;1240;4170;0;894,4
17370;923;2430;2412,2;1240;4170;0;898,4
17380;865;2740;2427;1240;4170;0;890,5
17390;1269;2170;2413,1;1240;3830;0;909,1
17400;929;2200;2413,6;1470;3830;0;902,1
17410;909;2330;2406,5;1470;3870;0;895,4
17420;981;3520;2446,8;1470;3910;0;894,2
17430;1267;2660;2428,2;1470;3910;0;917,7
17440;911;2850;2450,3;1470;3910;0;922,1
17450;1077;2240;2490,3;1470;3910;0;936,8
17460;925;2340;2496;1470;3910;0;942
17470;1045;2770;2516,2;1470;3910;0;949,8
17480;925;2200;2543,1;1470;3910;0;959,6
17490;603;2390;2559,4;1640;4460;0;932,9
17500;769;2190;2558,7;1670;4460;0;921,3
17510;911;2460;2559,5;1780;4460;0;921,7
17520;865;2450;2529,4;1480;4460;0;934,3
17530;789;2400;2581,4;1480;4720;0;927,5
17540;717;4850;2562,7;1480;4850;0;919
17550;841;1830;2537,5;1480;4850;0;918,3
17560;895;2250;2546,1;1480;4850;0;920,8
17570;805;3060;2535,6;1480;4850;0;914,9
17580;697;2270;2480,3;1480;4850;0;906,5
17590;863;1760;2469,9;1480;4850;0;886,2
17600;825;2280;2476,1;1480;4850;0;881
17610;1009;2070;2508;1480;4850;0;886
17620;747;2020;2501,4;1490;4850;0;874,3
17630;699;2640;2459,9;1490;4850;0;845,9
17640;779;2160;2459,4;1490;3920;0;839,3
17650;1093;2470;2454,7;1490;3920;0;840,1
17660;855;1910;2441,9;1490;3920;0;836,6
17670;775;2700;2451,9;1630;3920;0;823,1
17680;847;2350;2486,5;1760;3920;0;819,2
17690;871;2520;2474,8;1740;3920;0;832,6
17700;1009;3570;2472,5;1370;3920;0;844,6
17710;765;2340;2442,7;1370;3570;0;837,3
17720;657;2350;2475,2;1370;3620;0;826,9
17730;1115;1930;2465,6;1370;3620;0;843,2
17740;1011;2260;2485;1370;3620;0;857,9
17750;731;2520;2494,9;1370;3620;0;852,4
17760;825;3080;2496,6;1370;3620;0;848,9
17770;625;1990;2464,3;1370;3620;0;839,9
17780;615;1880;2430,4;1370;3620;0;835,8
17790;841;2170;2425,4;1250;3620;0;834,7
17800;845;2750;2426,6;1250;3620;0;835,7
17810;697;1820;2407,7;1250;3620;0;820,1
17820;971;2650;2380,3;1250;3330;0;831,3
17830;779;2570;2386,3;1250;3330;0;835,3
17840;817;2390;2375,4;1250;3270;0;837,2
17850;797;2120;2348,7;1250;3190;0;822,4
17860;879;1790;2350,1;1250;3250;0;823,6
17870;753;2850;2383,9;1250;3400;0;822,5
17880;757;2070;2391,4;1250;3400;0;818
17890;869;1960;2418;1410;3690;0;817,9
17900;787;2260;2407,4;1780;3690;0;806,8
17910;985;2270;2437,1;1610;3940;0;817,8
17920;673;4490;2471,7;1610;4490;0;818,6
17930;695;2970;2472;1610;4490;0;797,6
17940;635;2040;2455,2;1610;4490;0;778,8
17950;699;3130;2476,4;1610;4490;0;777,2
17960;773;2420;2464,3;1610;4490;0;774,6
17970;987;2250;2446,8;1610;4510;0;792,7
17980;691;1870;2452,5;1610;4510;0;796,5
17990;725;2750;2470,7;1610;4510;0;790,7
18000;765;2600;2498,5;1610;4510;0;786,7
18010;873;2350;2468,9;1700;4510;0;795,5
18020;673;2420;2418,9;1470;4510;0;780,6
18030;663;1910;2407,1;1470;4510;0;774,8
18040;911;2580;2421,1;1470;4510;0;779,5
18050;743;2520;2419,1;1470;4510;0;776,8
18060;889;2330;2423,6;1470;4510;0;777,3
18070;909;2450;2438,6;1470;3460;0;785,1
18080;663;2230;2426,8;1470;3460;0;780,4
18090;903;2670;2394,8;1470;3340;0;782,1
18100;749;2580;2374,9;1470;3320;0;780,2
18110;1041;2080;2396,6;1470;3320;0;783
18120;849;2040;2402,7;1600;3320;0;791,8
18130;917;2040;2419,3;1600;3320;0;802,9
18140;821;3030;2426,1;1600;3320;0;812,2
18150;753;2540;2428;1600;3320;0;814,9
18160;861;2900;2447,4;1600;3320;0;819,3
18170;929;2230;2446,4;1600;3400;0;816,4
18180;925;2630;2473,6;1600;3400;0;828,1
18190;1121;2030;2499,5;1630;3960;0;847,9
18200;855;2670;2495,6;1630;3960;0;852,4
18210;777;2830;2482,2;1630;3960;0;847,6
18220;913;2420;2494;1630;3960;0;859,6
18230;1223;2290;2496,9;1630;3960;0;887,6
18240;907;2290;2475,5;1630;3960;0;887,4
18250;737;2560;2477,2;1720;3960;0;887,1
18260;593;1720;2459,4;1720;3960;0;872,3
18270;1141;1890;2448,7;1720;3960;0;883,9
18280;745;2250;2436,1;1720;3960;0;888
18290;1197;2580;2411,1;1720;3680;0;902,7
18300;751;2170;2397,2;1620;3680;0;902,8
18310;639;1760;2389,2;1620;3680;0;882,7
18320;967;1770;2387,2;1620;3680;0;888,6
18330;883;2010;2384,3;1620;3680;0;886,9
18340;785;2520;2390,5;1620;3680;0;885,1
18350;881;2750;2379,8;1360;3680;0;891,5
18360;745;2350;2403,4;1360;4010;0;885,7
18370;1009;2370;2383,5;1220;4010;0;889,7
18380;773;2610;2369;1220;4010;0;882,1
18390;1159;2280;2364,3;1220;4010;0;884
18400;1121;2580;2394,5;1220;4010;0;897,3
18410;753;2210;2390,8;1220;4010;0;896,1
18420;967;3740;2398,7;1220;4010;0;898,8
18430;795;2770;2411,9;1220;4010;0;877,4
18440;783;2460;2401,7;1220;4010;0;871,2
18450;1005;2640;2399,9;1220;4010;0;884,6
18460;1057;4080;2392;1220;4080;0;907,8
18470;1219;2470;2425,2;1290;4080;0;911,7
18480;741;2090;2428,9;1290;4080;0;911,5
18490;919;2590;2438,1;1290;4080;0;897,6
18500;737;2280;2438,2;1290;4080;0;896,9
18510;727;3810;2450,7;1290;4080;0;901,3
18520;933;2010;2455,7;1210;4080;0;899,6
18530;1071;2070;2489,9;1210;5440;0;909
18540;1021;2550;2486,6;1210;5440;0;920,8
18550;753;2120;2495,4;1210;5440;0;914,4
18560;867;2860;2479,1;1210;5440;0;920,5
18570;1003;2370;2475,9;1210;5440;0;920,2
18580;907;3220;2492;1210;5440;0;926,9
18590;673;2260;2475,8;1210;5440;0;902,6
18600;1011;2960;2498,3;1210;5440;0;897,1
18610;1081;2710;2493,8;1210;5440;0;913,5
18620;995;2080;2514,3;1650;5440;0;914,9
18630;683;2150;2463,3;1650;3970;0;909,3
18640;835;3110;2473,4;1650;3970;0;911,9
18650;771;2130;2469,7;1650;3970;0;900,2
18660;689;2330;2492,7;1650;4940;0;881,8
18670;835;1960;2485,1;1650;4940;0;862,6
18680;933;2080;2455;910;4940;0;872,2
18690;841;1620;2458,8;510;4940;0;868,3
18700;885;2230;2459,5;510;4960;0;875,7
18710;817;2570;2456,2;510;4960;0;880,2
18720;683;2220;2435,8;510;4960;0;867,7
18730;1085;2470;2436,7;510;4960;0;868,4
18740;899;2550;2439,1;510;4960;0;862,3
18750;953;2430;2459,7;510;4960;0;872,3
18760;711;2220;2430,4;510;4960;0;864,5
18770;767;2140;2430;510;4960;0;852,7
18780;1253;2390;2498,3;510;4960;0;870
18790;891;2210;2496,9;1700;4960;0;880,9
18800;809;1940;2448,6;1700;4490;0;870,8
18810;1675;4810;2500,8;1700;4810;0;900,5
18820;913;2640;2504,6;1700;4810;0;896,4
18830;1129;3660;2530,7;1700;4810;0;918,7
18840;739;2470;2538,1;1700;4810;0;913,9
18850;313;1080;2531,6;1080;4810;0;891
18860;1015;2190;2524,3;1080;4810;0;907,3
18870;705;2070;2482,3;1080;4810;0;900,8
18880;941;3330;2455,5;1080;4810;0;901,2
18890;921;1880;2459,9;1080;4810;0;905,2
18900;695;2020;2463,6;1080;4810;0;895,7
18910;951;2490;2477,1;1080;6260;0;902,4
18920;851;2370;2475,2;1080;6260;0;910,8
18930;741;2440;2443;1080;6260;0;893,6
18940;921;1960;2482,7;1080;6260;0;894,7
18950;941;2390;2476,8;1470;6260;0;894,1
18960;907;2350;2469,3;1470;6260;0;903,9
18970;925;2310;2511,7;1710;6260;0;911,8
18980;925;2240;2484,1;1710;6260;0;895,4
18990;839;3390;2484,5;1430;6260;0;892,8
19000;765;2330;2489,4;1430;6260;0;890,6
19010;663;2060;2430;1430;5740;0;840
19020;803;2230;2419,5;1430;5740;0;834,5
19030;759;2970;2407,8;1430;5740;0;816
19040;661;3270;2365,8;1430;3560;0;812,1
19050;855;4690;2356,5;1430;4690;0;839,2
19060;1047;2280;2412,9;1430;4690;0;840,8
19070;695;2990;2439,5;1430;4690;0;840,3
19080;853;3000;2460;1430;4690;0;835,9
19090;1001;2740;2480,8;1510;4690;0;839,9
19100;881;2050;2472,6;1510;4690;0;849,2
19110;907;2470;2489,1;1510;4690;0;847
19120;915;2440;2517,1;1510;4690;0;850,2
19130;699;2150;2531,8;1510;4690;0;848,1
19140;989;2390;2503,3;1650;4690;0;851,5
19150;855;2890;2494,8;1650;3840;0;847,2
19160;957;3710;2483;1650;3840;0;849,7
19170;791;2340;2458,1;1650;3780;0;843
19180;1069;2660;2463,6;1650;3940;0;850,2
19190;1205;2940;2475,1;1650;3940;0;868,5
19200;883;2010;2488,5;1650;3940;0;874,4
19210;711;1880;2486,2;1650;3940;0;876,8
19220;843;1860;2481,4;1570;4090;0;878,8
19230;943;2000;2500,2;1570;4090;0;888
19240;1081;3480;2556;1570;4090;0;909
19250;681;2200;2596,4;1570;4090;0;900,3
19260;753;2130;2599,8;1570;4090;0;885,6
19270;1077;3380;2619,1;1570;4090;0;904,7
19280;887;2410;2601,4;1570;4090;0;906,4
19290;655;2670;2608,6;1570;4090;0;889,1
19300;1037;2260;2622,9;1570;4090;0;896,9
19310;1151;2460;2612,8;1570;4090;0;909,1
19320;1157;3780;2619,8;1610;4060;0;921,2
19330;865;2090;2622,2;1120;4060;0;929,5
19340;1051;2530;2573,4;290;4060;0;932,6
19350;1043;2250;2540,3;290;4060;0;942
19360;791;2060;2516,1;290;4060;0;933,7
19370;833;4540;2508,1;290;4540;0;935,8
19380;1021;2420;2504,7;290;4540;0;933,4
19390;903;3060;2467,6;290;4540;0;918,3
19400;665;2400;2466,2;290;4540;0;907,4
19410;901;2310;2451,3;290;4540;0;916,9
19420;729;2350;2401,3;290;4540;0;911,2
19430;1011;1930;2372,9;290;4540;0;914,6
19440;719;1730;2387,3;590;4540;0;896,5
19450;1043;2020;2373,7;590;4540;0;914,6
19460;833;2920;2394,5;590;4540;0;918,6
19470;915;2860;2390,3;590;3700;0;910,5
19480;1023;3140;2398,2;590;3700;0;917,3
19490;767;2320;2407,8;590;3700;0;922,9
19500;731;2340;2410,4;790;3700;0;907,6
19510;949;2450;2425,6;1690;3700;0;897,5
19520;871;2420;2474,1;1690;4690;0;883,2
19530;901;3140;2480,2;1690;4690;0;885
19540;939;2530;2501,5;1690;4690;0;879,4
19550;1055;2540;2516,2;1690;4690;0;880
19560;1061;2380;2519,2;1690;4690;0;893,5
19570;1219;1980;2489,9;1690;4690;0;912,8
19580;907;2230;2525,2;1690;4690;0;907,1
19590;765;3090;2559,8;1710;4690;0;900,2
19600;835;2420;2546,4;1710;4690;0;908,7
19610;893;3460;2549;1710;4690;0;908,3
19620;985;2700;2530,4;1710;3860;0;921,1
19630;891;2720;2529,9;1540;3860;0;915,1
19640;811;2480;2530;1540;3960;0;919,7
19650;965;2660;2549,2;1540;3960;0;915,8
19660;1029;2220;2532,4;1540;3960;0;925,6
19670;241;340;2530,1;340;3960;0;891,9
19680;737;1890;2519,3;340;3960;0;877,6
19690;1251;2070;2483,9;340;3960;0;901,8
19700;833;2550;2488,1;340;3960;0;906,9
19710;537;1370;2501;340;3960;0;886,3
19720;887;2960;2499,1;340;3960;0;887,1
19730;933;2650;2510,8;340;3960;0;888,7
19740;789;2800;2486;340;3590;0;881,2
19750;983;2160;2479,1;340;4570;0;877,6
19760;969;2460;2469;340;4570;0;873
19770;745;2480;2509,5;1370;4570;0;849,3
19780;717;2220;2531,3;1370;5660;0;839,8
19790;885;1810;2541;1370;5660;0;845,8
19800;705;2780;2553,3;1370;5660;0;839,3
19810;1053;3260;2544,4;1810;5660;0;847,3
19820;1097;1990;2528,1;1810;5660;0;852,9
19830;759;2400;2533;1810;5660;0;846,3
19840;903;2450;2528,8;1010;5660;0;850,9
19850;961;3770;2553,1;1010;5660;0;850,7
19860;857;2240;2571,8;1010;5660;0;842,1
19870;789;2220;2550,7;1010;5660;0;869,5
19880;967;2140;2507,3;1010;4990;0;881
19890;1191;2290;2511,7;1010;4990;0;878
19900;815;3490;2534,2;1010;4990;0;877,1
19910;999;2150;2519,4;1010;4990;0;900,2
19920;959;2280;2568,1;1010;4990;0;903,8
19930;1341;3880;2584,3;1010;4990;0;924,2
19940;1271;3360;2599,2;1770;4990;0;948,3
